SID20136173; Sem_1; 449
SID20136173; Sem_2; 584
SID20136173; Sem_3; 511
SID20136173; Sem_4; 537
SID20136173; Sem_5; 469
SID20136173; Sem_6; 468
SID20136173; Sem_7; 333
SID20136173; Sem_8; 529
SID20136179; Sem_1; 468
SID20136179; Sem_2; 482
SID20136179; Sem_3; 482
SID20136179; Sem_4; 518
SID20136179; Sem_5; 420
SID20136179; Sem_6; 457
SID20136179; Sem_7; 578
SID20136179; Sem_8; 493
SID20136208; Sem_1; 433
SID20136208; Sem_2; 447
SID20136208; Sem_3; 430
SID20136208; Sem_4; 405
SID20136208; Sem_5; 406
SID20136208; Sem_6; 443
SID20136208; Sem_7; 434
SID20136208; Sem_8; 454
SID20136246; Sem_1; 440
SID20136246; Sem_2; 446
SID20136246; Sem_3; 404
SID20136246; Sem_4; 368
SID20136246; Sem_5; 417
SID20136246; Sem_6; 575
SID20136246; Sem_7; 437
SID20136246; Sem_8; 445
SID20136266; Sem_1; 500
SID20136266; Sem_2; 514
SID20136266; Sem_3; 483
SID20136266; Sem_4; 482
SID20136266; Sem_5; 405
SID20136266; Sem_6; 479
SID20136266; Sem_7; 465
SID20136266; Sem_8; 421
SID20136281; Sem_1; 498
SID20136281; Sem_2; 482
SID20136281; Sem_3; 518
SID20136281; Sem_4; 474
SID20136281; Sem_5; 466
SID20136281; Sem_6; 495
SID20136281; Sem_7; 517
SID20136281; Sem_8; 492
SID20136282; Sem_1; 421
SID20136282; Sem_2; 554
SID20136282; Sem_3; 507
SID20136282; Sem_4; 512
SID20136282; Sem_5; 479
SID20136282; Sem_6; 527
SID20136282; Sem_7; 484
SID20136282; Sem_8; 499
SID20136284; Sem_1; 537
SID20136284; Sem_2; 429
SID20136284; Sem_3; 519
SID20136284; Sem_4; 546
SID20136284; Sem_5; 462
SID20136284; Sem_6; 551
SID20136284; Sem_7; 426
SID20136284; Sem_8; 486
SID20136287; Sem_1; 383
SID20136287; Sem_2; 449
SID20136287; Sem_3; 591
SID20136287; Sem_4; 416
SID20136287; Sem_5; 422
SID20136287; Sem_6; 441
SID20136287; Sem_7; 531
SID20136287; Sem_8; 539
SID20136298; Sem_1; 424
SID20136298; Sem_2; 471
SID20136298; Sem_3; 391
SID20136298; Sem_4; 404
SID20136298; Sem_5; 470
SID20136298; Sem_6; 443
SID20136298; Sem_7; 475
SID20136298; Sem_8; 532
SID20136303; Sem_1; 502
SID20136303; Sem_2; 455
SID20136303; Sem_3; 532
SID20136303; Sem_4; 464
SID20136303; Sem_5; 478
SID20136303; Sem_6; 440
SID20136303; Sem_7; 454
SID20136303; Sem_8; 544
SID20136307; Sem_1; 544
SID20136307; Sem_2; 505
SID20136307; Sem_3; 542
SID20136307; Sem_4; 479
SID20136307; Sem_5; 487
SID20136307; Sem_6; 462
SID20136307; Sem_7; 530
SID20136307; Sem_8; 510
SID20136332; Sem_1; 449
SID20136332; Sem_2; 448
SID20136332; Sem_3; 463
SID20136332; Sem_4; 454
SID20136332; Sem_5; 424
SID20136332; Sem_6; 475
SID20136332; Sem_7; 404
SID20136332; Sem_8; 609
SID20136338; Sem_1; 446
SID20136338; Sem_2; 519
SID20136338; Sem_3; 449
SID20136338; Sem_4; 471
SID20136338; Sem_5; 443
SID20136338; Sem_6; 459
SID20136338; Sem_7; 457
SID20136338; Sem_8; 518
SID20136416; Sem_1; 470
SID20136416; Sem_2; 418
SID20136416; Sem_3; 432
SID20136416; Sem_4; 413
SID20136416; Sem_5; 496
SID20136416; Sem_6; 437
SID20136416; Sem_7; 501
SID20136416; Sem_8; 492
SID20136421; Sem_1; 500
SID20136421; Sem_2; 485
SID20136421; Sem_3; 445
SID20136421; Sem_4; 515
SID20136421; Sem_5; 434
SID20136421; Sem_6; 446
SID20136421; Sem_7; 547
SID20136421; Sem_8; 440
SID20136447; Sem_1; 484
SID20136447; Sem_2; 441
SID20136447; Sem_3; 456
SID20136447; Sem_4; 453
SID20136447; Sem_5; 543
SID20136447; Sem_6; 491
SID20136447; Sem_7; 513
SID20136447; Sem_8; 451
SID20136462; Sem_1; 442
SID20136462; Sem_2; 472
SID20136462; Sem_3; 465
SID20136462; Sem_4; 487
SID20136462; Sem_5; 410
SID20136462; Sem_6; 558
SID20136462; Sem_7; 446
SID20136462; Sem_8; 438
SID20136475; Sem_1; 431
SID20136475; Sem_2; 398
SID20136475; Sem_3; 469
SID20136475; Sem_4; 405
SID20136475; Sem_5; 467
SID20136475; Sem_6; 518
SID20136475; Sem_7; 499
SID20136475; Sem_8; 559
SID20136513; Sem_1; 487
SID20136513; Sem_2; 446
SID20136513; Sem_3; 458
SID20136513; Sem_4; 505
SID20136513; Sem_5; 301
SID20136513; Sem_6; 444
SID20136513; Sem_7; 473
SID20136513; Sem_8; 509
SID20136527; Sem_1; 469
SID20136527; Sem_2; 483
SID20136527; Sem_3; 504
SID20136527; Sem_4; 516
SID20136527; Sem_5; 496
SID20136527; Sem_6; 512
SID20136527; Sem_7; 504
SID20136527; Sem_8; 421
SID20136563; Sem_1; 477
SID20136563; Sem_2; 515
SID20136563; Sem_3; 430
SID20136563; Sem_4; 505
SID20136563; Sem_5; 501
SID20136563; Sem_6; 562
SID20136563; Sem_7; 416
SID20136563; Sem_8; 438
SID20136572; Sem_1; 493
SID20136572; Sem_2; 495
SID20136572; Sem_3; 412
SID20136572; Sem_4; 501
SID20136572; Sem_5; 451
SID20136572; Sem_6; 448
SID20136572; Sem_7; 456
SID20136572; Sem_8; 545
SID20136616; Sem_1; 481
SID20136616; Sem_2; 513
SID20136616; Sem_3; 443
SID20136616; Sem_4; 440
SID20136616; Sem_5; 465
SID20136616; Sem_6; 443
SID20136616; Sem_7; 466
SID20136616; Sem_8; 489
SID20136620; Sem_1; 449
SID20136620; Sem_2; 457
SID20136620; Sem_3; 511
SID20136620; Sem_4; 435
SID20136620; Sem_5; 534
SID20136620; Sem_6; 455
SID20136620; Sem_7; 423
SID20136620; Sem_8; 503
SID20136637; Sem_1; 473
SID20136637; Sem_2; 433
SID20136637; Sem_3; 464
SID20136637; Sem_4; 522
SID20136637; Sem_5; 492
SID20136637; Sem_6; 512
SID20136637; Sem_7; 468
SID20136637; Sem_8; 503
SID20136638; Sem_1; 483
SID20136638; Sem_2; 531
SID20136638; Sem_3; 505
SID20136638; Sem_4; 456
SID20136638; Sem_5; 540
SID20136638; Sem_6; 457
SID20136638; Sem_7; 480
SID20136638; Sem_8; 519
SID20136649; Sem_1; 430
SID20136649; Sem_2; 413
SID20136649; Sem_3; 453
SID20136649; Sem_4; 538
SID20136649; Sem_5; 503
SID20136649; Sem_6; 546
SID20136649; Sem_7; 485
SID20136649; Sem_8; 566
SID20136655; Sem_1; 417
SID20136655; Sem_2; 489
SID20136655; Sem_3; 519
SID20136655; Sem_4; 347
SID20136655; Sem_5; 471
SID20136655; Sem_6; 492
SID20136655; Sem_7; 568
SID20136655; Sem_8; 415
SID20136677; Sem_1; 394
SID20136677; Sem_2; 477
SID20136677; Sem_3; 557
SID20136677; Sem_4; 389
SID20136677; Sem_5; 553
SID20136677; Sem_6; 507
SID20136677; Sem_7; 477
SID20136677; Sem_8; 467
SID20136695; Sem_1; 519
SID20136695; Sem_2; 588
SID20136695; Sem_3; 485
SID20136695; Sem_4; 539
SID20136695; Sem_5; 436
SID20136695; Sem_6; 494
SID20136695; Sem_7; 413
SID20136695; Sem_8; 414
SID20136701; Sem_1; 510
SID20136701; Sem_2; 489
SID20136701; Sem_3; 480
SID20136701; Sem_4; 490
SID20136701; Sem_5; 505
SID20136701; Sem_6; 485
SID20136701; Sem_7; 472
SID20136701; Sem_8; 412
SID20136705; Sem_1; 468
SID20136705; Sem_2; 470
SID20136705; Sem_3; 573
SID20136705; Sem_4; 392
SID20136705; Sem_5; 588
SID20136705; Sem_6; 471
SID20136705; Sem_7; 519
SID20136705; Sem_8; 465
SID20136724; Sem_1; 494
SID20136724; Sem_2; 515
SID20136724; Sem_3; 509
SID20136724; Sem_4; 487
SID20136724; Sem_5; 579
SID20136724; Sem_6; 557
SID20136724; Sem_7; 542
SID20136724; Sem_8; 396
SID20136751; Sem_1; 584
SID20136751; Sem_2; 532
SID20136751; Sem_3; 435
SID20136751; Sem_4; 461
SID20136751; Sem_5; 453
SID20136751; Sem_6; 371
SID20136751; Sem_7; 522
SID20136751; Sem_8; 467
SID20136752; Sem_1; 520
SID20136752; Sem_2; 464
SID20136752; Sem_3; 471
SID20136752; Sem_4; 336
SID20136752; Sem_5; 413
SID20136752; Sem_6; 523
SID20136752; Sem_7; 477
SID20136752; Sem_8; 395
SID20136775; Sem_1; 540
SID20136775; Sem_2; 365
SID20136775; Sem_3; 490
SID20136775; Sem_4; 506
SID20136775; Sem_5; 397
SID20136775; Sem_6; 483
SID20136775; Sem_7; 438
SID20136775; Sem_8; 480
SID20136780; Sem_1; 474
SID20136780; Sem_2; 546
SID20136780; Sem_3; 503
SID20136780; Sem_4; 535
SID20136780; Sem_5; 475
SID20136780; Sem_6; 559
SID20136780; Sem_7; 437
SID20136780; Sem_8; 526
SID20136788; Sem_1; 421
SID20136788; Sem_2; 446
SID20136788; Sem_3; 505
SID20136788; Sem_4; 474
SID20136788; Sem_5; 506
SID20136788; Sem_6; 502
SID20136788; Sem_7; 525
SID20136788; Sem_8; 416
SID20136792; Sem_1; 466
SID20136792; Sem_2; 376
SID20136792; Sem_3; 474
SID20136792; Sem_4; 525
SID20136792; Sem_5; 533
SID20136792; Sem_6; 368
SID20136792; Sem_7; 477
SID20136792; Sem_8; 503
SID20136794; Sem_1; 464
SID20136794; Sem_2; 457
SID20136794; Sem_3; 395
SID20136794; Sem_4; 482
SID20136794; Sem_5; 526
SID20136794; Sem_6; 574
SID20136794; Sem_7; 528
SID20136794; Sem_8; 441
SID20136796; Sem_1; 533
SID20136796; Sem_2; 468
SID20136796; Sem_3; 485
SID20136796; Sem_4; 430
SID20136796; Sem_5; 570
SID20136796; Sem_6; 524
SID20136796; Sem_7; 486
SID20136796; Sem_8; 510
SID20136798; Sem_1; 452
SID20136798; Sem_2; 467
SID20136798; Sem_3; 430
SID20136798; Sem_4; 514
SID20136798; Sem_5; 477
SID20136798; Sem_6; 393
SID20136798; Sem_7; 412
SID20136798; Sem_8; 504
SID20136800; Sem_1; 516
SID20136800; Sem_2; 394
SID20136800; Sem_3; 395
SID20136800; Sem_4; 525
SID20136800; Sem_5; 495
SID20136800; Sem_6; 502
SID20136800; Sem_7; 467
SID20136800; Sem_8; 556
SID20136812; Sem_1; 494
SID20136812; Sem_2; 492
SID20136812; Sem_3; 533
SID20136812; Sem_4; 447
SID20136812; Sem_5; 464
SID20136812; Sem_6; 396
SID20136812; Sem_7; 518
SID20136812; Sem_8; 435
SID20136814; Sem_1; 490
SID20136814; Sem_2; 568
SID20136814; Sem_3; 530
SID20136814; Sem_4; 481
SID20136814; Sem_5; 575
SID20136814; Sem_6; 501
SID20136814; Sem_7; 505
SID20136814; Sem_8; 424
SID20136833; Sem_1; 494
SID20136833; Sem_2; 390
SID20136833; Sem_3; 477
SID20136833; Sem_4; 446
SID20136833; Sem_5; 472
SID20136833; Sem_6; 475
SID20136833; Sem_7; 397
SID20136833; Sem_8; 455
SID20136871; Sem_1; 489
SID20136871; Sem_2; 462
SID20136871; Sem_3; 548
SID20136871; Sem_4; 442
SID20136871; Sem_5; 443
SID20136871; Sem_6; 524
SID20136871; Sem_7; 470
SID20136871; Sem_8; 527
SID20136876; Sem_1; 491
SID20136876; Sem_2; 442
SID20136876; Sem_3; 420
SID20136876; Sem_4; 546
SID20136876; Sem_5; 353
SID20136876; Sem_6; 455
SID20136876; Sem_7; 512
SID20136876; Sem_8; 397
SID20136912; Sem_1; 525
SID20136912; Sem_2; 591
SID20136912; Sem_3; 476
SID20136912; Sem_4; 539
SID20136912; Sem_5; 498
SID20136912; Sem_6; 486
SID20136912; Sem_7; 463
SID20136912; Sem_8; 548
SID20136916; Sem_1; 495
SID20136916; Sem_2; 495
SID20136916; Sem_3; 455
SID20136916; Sem_4; 427
SID20136916; Sem_5; 448
SID20136916; Sem_6; 530
SID20136916; Sem_7; 547
SID20136916; Sem_8; 396
SID20136918; Sem_1; 465
SID20136918; Sem_2; 519
SID20136918; Sem_3; 497
SID20136918; Sem_4; 496
SID20136918; Sem_5; 504
SID20136918; Sem_6; 513
SID20136918; Sem_7; 442
SID20136918; Sem_8; 494
SID20136940; Sem_1; 454
SID20136940; Sem_2; 503
SID20136940; Sem_3; 473
SID20136940; Sem_4; 429
SID20136940; Sem_5; 463
SID20136940; Sem_6; 434
SID20136940; Sem_7; 460
SID20136940; Sem_8; 445
SID20136943; Sem_1; 526
SID20136943; Sem_2; 476
SID20136943; Sem_3; 418
SID20136943; Sem_4; 499
SID20136943; Sem_5; 457
SID20136943; Sem_6; 438
SID20136943; Sem_7; 479
SID20136943; Sem_8; 482
SID20136967; Sem_1; 487
SID20136967; Sem_2; 473
SID20136967; Sem_3; 416
SID20136967; Sem_4; 528
SID20136967; Sem_5; 493
SID20136967; Sem_6; 523
SID20136967; Sem_7; 432
SID20136967; Sem_8; 458
SID20137002; Sem_1; 483
SID20137002; Sem_2; 465
SID20137002; Sem_3; 611
SID20137002; Sem_4; 391
SID20137002; Sem_5; 577
SID20137002; Sem_6; 320
SID20137002; Sem_7; 516
SID20137002; Sem_8; 474
SID20137021; Sem_1; 510
SID20137021; Sem_2; 400
SID20137021; Sem_3; 504
SID20137021; Sem_4; 428
SID20137021; Sem_5; 511
SID20137021; Sem_6; 605
SID20137021; Sem_7; 490
SID20137021; Sem_8; 504
SID20137026; Sem_1; 602
SID20137026; Sem_2; 575
SID20137026; Sem_3; 515
SID20137026; Sem_4; 498
SID20137026; Sem_5; 414
SID20137026; Sem_6; 487
SID20137026; Sem_7; 485
SID20137026; Sem_8; 440
SID20137027; Sem_1; 455
SID20137027; Sem_2; 507
SID20137027; Sem_3; 525
SID20137027; Sem_4; 514
SID20137027; Sem_5; 499
SID20137027; Sem_6; 569
SID20137027; Sem_7; 441
SID20137027; Sem_8; 592
SID20137032; Sem_1; 422
SID20137032; Sem_2; 480
SID20137032; Sem_3; 422
SID20137032; Sem_4; 534
SID20137032; Sem_5; 378
SID20137032; Sem_6; 443
SID20137032; Sem_7; 583
SID20137032; Sem_8; 475
SID20137042; Sem_1; 373
SID20137042; Sem_2; 538
SID20137042; Sem_3; 467
SID20137042; Sem_4; 520
SID20137042; Sem_5; 484
SID20137042; Sem_6; 401
SID20137042; Sem_7; 517
SID20137042; Sem_8; 466
SID20137092; Sem_1; 500
SID20137092; Sem_2; 568
SID20137092; Sem_3; 415
SID20137092; Sem_4; 480
SID20137092; Sem_5; 540
SID20137092; Sem_6; 465
SID20137092; Sem_7; 529
SID20137092; Sem_8; 505
SID20137097; Sem_1; 363
SID20137097; Sem_2; 599
SID20137097; Sem_3; 463
SID20137097; Sem_4; 503
SID20137097; Sem_5; 404
SID20137097; Sem_6; 448
SID20137097; Sem_7; 444
SID20137097; Sem_8; 465
SID20137137; Sem_1; 487
SID20137137; Sem_2; 453
SID20137137; Sem_3; 508
SID20137137; Sem_4; 476
SID20137137; Sem_5; 437
SID20137137; Sem_6; 467
SID20137137; Sem_7; 520
SID20137137; Sem_8; 483
SID20137140; Sem_1; 439
SID20137140; Sem_2; 407
SID20137140; Sem_3; 457
SID20137140; Sem_4; 514
SID20137140; Sem_5; 549
SID20137140; Sem_6; 443
SID20137140; Sem_7; 413
SID20137140; Sem_8; 387
SID20137152; Sem_1; 573
SID20137152; Sem_2; 418
SID20137152; Sem_3; 484
SID20137152; Sem_4; 494
SID20137152; Sem_5; 519
SID20137152; Sem_6; 426
SID20137152; Sem_7; 388
SID20137152; Sem_8; 465
SID20137166; Sem_1; 586
SID20137166; Sem_2; 416
SID20137166; Sem_3; 498
SID20137166; Sem_4; 525
SID20137166; Sem_5; 500
SID20137166; Sem_6; 535
SID20137166; Sem_7; 463
SID20137166; Sem_8; 535
SID20137174; Sem_1; 516
SID20137174; Sem_2; 493
SID20137174; Sem_3; 520
SID20137174; Sem_4; 469
SID20137174; Sem_5; 460
SID20137174; Sem_6; 495
SID20137174; Sem_7; 539
SID20137174; Sem_8; 421
SID20137184; Sem_1; 428
SID20137184; Sem_2; 419
SID20137184; Sem_3; 425
SID20137184; Sem_4; 448
SID20137184; Sem_5; 507
SID20137184; Sem_6; 492
SID20137184; Sem_7; 510
SID20137184; Sem_8; 450
SID20137187; Sem_1; 493
SID20137187; Sem_2; 590
SID20137187; Sem_3; 463
SID20137187; Sem_4; 469
SID20137187; Sem_5; 453
SID20137187; Sem_6; 444
SID20137187; Sem_7; 503
SID20137187; Sem_8; 391
SID20137215; Sem_1; 434
SID20137215; Sem_2; 373
SID20137215; Sem_3; 479
SID20137215; Sem_4; 532
SID20137215; Sem_5; 400
SID20137215; Sem_6; 455
SID20137215; Sem_7; 489
SID20137215; Sem_8; 494
SID20137235; Sem_1; 572
SID20137235; Sem_2; 511
SID20137235; Sem_3; 439
SID20137235; Sem_4; 424
SID20137235; Sem_5; 516
SID20137235; Sem_6; 526
SID20137235; Sem_7; 422
SID20137235; Sem_8; 535
SID20137236; Sem_1; 388
SID20137236; Sem_2; 590
SID20137236; Sem_3; 426
SID20137236; Sem_4; 343
SID20137236; Sem_5; 447
SID20137236; Sem_6; 524
SID20137236; Sem_7; 516
SID20137236; Sem_8; 408
SID20137257; Sem_1; 465
SID20137257; Sem_2; 525
SID20137257; Sem_3; 462
SID20137257; Sem_4; 557
SID20137257; Sem_5; 455
SID20137257; Sem_6; 479
SID20137257; Sem_7; 501
SID20137257; Sem_8; 281
SID20137275; Sem_1; 577
SID20137275; Sem_2; 446
SID20137275; Sem_3; 509
SID20137275; Sem_4; 539
SID20137275; Sem_5; 470
SID20137275; Sem_6; 433
SID20137275; Sem_7; 533
SID20137275; Sem_8; 387
SID20137312; Sem_1; 456
SID20137312; Sem_2; 459
SID20137312; Sem_3; 516
SID20137312; Sem_4; 505
SID20137312; Sem_5; 470
SID20137312; Sem_6; 462
SID20137312; Sem_7; 449
SID20137312; Sem_8; 570
SID20137336; Sem_1; 573
SID20137336; Sem_2; 505
SID20137336; Sem_3; 334
SID20137336; Sem_4; 538
SID20137336; Sem_5; 481
SID20137336; Sem_6; 498
SID20137336; Sem_7; 453
SID20137336; Sem_8; 613
SID20137360; Sem_1; 376
SID20137360; Sem_2; 439
SID20137360; Sem_3; 446
SID20137360; Sem_4; 455
SID20137360; Sem_5; 444
SID20137360; Sem_6; 459
SID20137360; Sem_7; 446
SID20137360; Sem_8; 522
SID20137361; Sem_1; 482
SID20137361; Sem_2; 531
SID20137361; Sem_3; 520
SID20137361; Sem_4; 492
SID20137361; Sem_5; 380
SID20137361; Sem_6; 523
SID20137361; Sem_7; 440
SID20137361; Sem_8; 524
SID20137365; Sem_1; 438
SID20137365; Sem_2; 451
SID20137365; Sem_3; 478
SID20137365; Sem_4; 522
SID20137365; Sem_5; 497
SID20137365; Sem_6; 447
SID20137365; Sem_7; 393
SID20137365; Sem_8; 375
SID20137380; Sem_1; 520
SID20137380; Sem_2; 564
SID20137380; Sem_3; 499
SID20137380; Sem_4; 382
SID20137380; Sem_5; 421
SID20137380; Sem_6; 428
SID20137380; Sem_7; 400
SID20137380; Sem_8; 472
SID20137385; Sem_1; 567
SID20137385; Sem_2; 426
SID20137385; Sem_3; 513
SID20137385; Sem_4; 376
SID20137385; Sem_5; 534
SID20137385; Sem_6; 584
SID20137385; Sem_7; 584
SID20137385; Sem_8; 405
SID20137396; Sem_1; 393
SID20137396; Sem_2; 573
SID20137396; Sem_3; 471
SID20137396; Sem_4; 506
SID20137396; Sem_5; 486
SID20137396; Sem_6; 467
SID20137396; Sem_7; 496
SID20137396; Sem_8; 519
SID20137398; Sem_1; 490
SID20137398; Sem_2; 449
SID20137398; Sem_3; 492
SID20137398; Sem_4; 480
SID20137398; Sem_5; 446
SID20137398; Sem_6; 461
SID20137398; Sem_7; 546
SID20137398; Sem_8; 442
SID20137402; Sem_1; 384
SID20137402; Sem_2; 420
SID20137402; Sem_3; 499
SID20137402; Sem_4; 516
SID20137402; Sem_5; 556
SID20137402; Sem_6; 571
SID20137402; Sem_7; 418
SID20137402; Sem_8; 486
SID20137405; Sem_1; 594
SID20137405; Sem_2; 534
SID20137405; Sem_3; 483
SID20137405; Sem_4; 501
SID20137405; Sem_5; 549
SID20137405; Sem_6; 456
SID20137405; Sem_7; 506
SID20137405; Sem_8; 577
SID20137424; Sem_1; 514
SID20137424; Sem_2; 425
SID20137424; Sem_3; 437
SID20137424; Sem_4; 412
SID20137424; Sem_5; 539
SID20137424; Sem_6; 505
SID20137424; Sem_7; 519
SID20137424; Sem_8; 493
SID20137434; Sem_1; 504
SID20137434; Sem_2; 565
SID20137434; Sem_3; 463
SID20137434; Sem_4; 469
SID20137434; Sem_5; 416
SID20137434; Sem_6; 538
SID20137434; Sem_7; 473
SID20137434; Sem_8; 502
SID20137438; Sem_1; 452
SID20137438; Sem_2; 536
SID20137438; Sem_3; 560
SID20137438; Sem_4; 404
SID20137438; Sem_5; 521
SID20137438; Sem_6; 440
SID20137438; Sem_7; 446
SID20137438; Sem_8; 503
SID20137440; Sem_1; 499
SID20137440; Sem_2; 484
SID20137440; Sem_3; 497
SID20137440; Sem_4; 519
SID20137440; Sem_5; 558
SID20137440; Sem_6; 388
SID20137440; Sem_7; 543
SID20137440; Sem_8; 469
SID20137461; Sem_1; 506
SID20137461; Sem_2; 465
SID20137461; Sem_3; 450
SID20137461; Sem_4; 520
SID20137461; Sem_5; 483
SID20137461; Sem_6; 496
SID20137461; Sem_7; 512
SID20137461; Sem_8; 450
SID20137467; Sem_1; 412
SID20137467; Sem_2; 532
SID20137467; Sem_3; 443
SID20137467; Sem_4; 503
SID20137467; Sem_5; 468
SID20137467; Sem_6; 509
SID20137467; Sem_7; 437
SID20137467; Sem_8; 412
SID20137473; Sem_1; 454
SID20137473; Sem_2; 466
SID20137473; Sem_3; 548
SID20137473; Sem_4; 527
SID20137473; Sem_5; 467
SID20137473; Sem_6; 360
SID20137473; Sem_7; 584
SID20137473; Sem_8; 354
SID20137478; Sem_1; 496
SID20137478; Sem_2; 416
SID20137478; Sem_3; 490
SID20137478; Sem_4; 482
SID20137478; Sem_5; 467
SID20137478; Sem_6; 435
SID20137478; Sem_7; 372
SID20137478; Sem_8; 592
SID20137485; Sem_1; 553
SID20137485; Sem_2; 482
SID20137485; Sem_3; 436
SID20137485; Sem_4; 440
SID20137485; Sem_5; 488
SID20137485; Sem_6; 523
SID20137485; Sem_7; 500
SID20137485; Sem_8; 480
SID20137547; Sem_1; 503
SID20137547; Sem_2; 479
SID20137547; Sem_3; 519
SID20137547; Sem_4; 524
SID20137547; Sem_5; 539
SID20137547; Sem_6; 396
SID20137547; Sem_7; 480
SID20137547; Sem_8; 498
SID20137561; Sem_1; 522
SID20137561; Sem_2; 500
SID20137561; Sem_3; 636
SID20137561; Sem_4; 499
SID20137561; Sem_5; 501
SID20137561; Sem_6; 486
SID20137561; Sem_7; 472
SID20137561; Sem_8; 574
SID20137574; Sem_1; 423
SID20137574; Sem_2; 500
SID20137574; Sem_3; 537
SID20137574; Sem_4; 449
SID20137574; Sem_5; 430
SID20137574; Sem_6; 441
SID20137574; Sem_7; 405
SID20137574; Sem_8; 534
SID20137601; Sem_1; 462
SID20137601; Sem_2; 431
SID20137601; Sem_3; 446
SID20137601; Sem_4; 479
SID20137601; Sem_5; 388
SID20137601; Sem_6; 581
SID20137601; Sem_7; 476
SID20137601; Sem_8; 524
SID20137616; Sem_1; 534
SID20137616; Sem_2; 400
SID20137616; Sem_3; 352
SID20137616; Sem_4; 462
SID20137616; Sem_5; 582
SID20137616; Sem_6; 507
SID20137616; Sem_7; 482
SID20137616; Sem_8; 459
SID20137639; Sem_1; 530
SID20137639; Sem_2; 464
SID20137639; Sem_3; 434
SID20137639; Sem_4; 479
SID20137639; Sem_5; 445
SID20137639; Sem_6; 468
SID20137639; Sem_7; 425
SID20137639; Sem_8; 467
SID20137649; Sem_1; 448
SID20137649; Sem_2; 546
SID20137649; Sem_3; 428
SID20137649; Sem_4; 428
SID20137649; Sem_5; 552
SID20137649; Sem_6; 516
SID20137649; Sem_7; 461
SID20137649; Sem_8; 428
SID20137672; Sem_1; 517
SID20137672; Sem_2; 484
SID20137672; Sem_3; 423
SID20137672; Sem_4; 513
SID20137672; Sem_5; 421
SID20137672; Sem_6; 511
SID20137672; Sem_7; 380
SID20137672; Sem_8; 542
SID20137674; Sem_1; 562
SID20137674; Sem_2; 500
SID20137674; Sem_3; 522
SID20137674; Sem_4; 554
SID20137674; Sem_5; 476
SID20137674; Sem_6; 495
SID20137674; Sem_7; 552
SID20137674; Sem_8; 542
SID20137718; Sem_1; 375
SID20137718; Sem_2; 523
SID20137718; Sem_3; 408
SID20137718; Sem_4; 495
SID20137718; Sem_5; 492
SID20137718; Sem_6; 526
SID20137718; Sem_7; 463
SID20137718; Sem_8; 586
SID20137763; Sem_1; 542
SID20137763; Sem_2; 467
SID20137763; Sem_3; 459
SID20137763; Sem_4; 381
SID20137763; Sem_5; 461
SID20137763; Sem_6; 477
SID20137763; Sem_7; 436
SID20137763; Sem_8; 550
SID20137797; Sem_1; 486
SID20137797; Sem_2; 462
SID20137797; Sem_3; 395
SID20137797; Sem_4; 489
SID20137797; Sem_5; 531
SID20137797; Sem_6; 484
SID20137797; Sem_7; 459
SID20137797; Sem_8; 463
SID20137809; Sem_1; 392
SID20137809; Sem_2; 484
SID20137809; Sem_3; 465
SID20137809; Sem_4; 439
SID20137809; Sem_5; 370
SID20137809; Sem_6; 511
SID20137809; Sem_7; 470
SID20137809; Sem_8; 516
SID20137811; Sem_1; 407
SID20137811; Sem_2; 403
SID20137811; Sem_3; 419
SID20137811; Sem_4; 471
SID20137811; Sem_5; 523
SID20137811; Sem_6; 443
SID20137811; Sem_7; 467
SID20137811; Sem_8; 442
SID20137844; Sem_1; 440
SID20137844; Sem_2; 416
SID20137844; Sem_3; 424
SID20137844; Sem_4; 389
SID20137844; Sem_5; 452
SID20137844; Sem_6; 368
SID20137844; Sem_7; 455
SID20137844; Sem_8; 546
SID20137865; Sem_1; 484
SID20137865; Sem_2; 405
SID20137865; Sem_3; 519
SID20137865; Sem_4; 481
SID20137865; Sem_5; 464
SID20137865; Sem_6; 442
SID20137865; Sem_7; 525
SID20137865; Sem_8; 526
SID20137868; Sem_1; 336
SID20137868; Sem_2; 559
SID20137868; Sem_3; 473
SID20137868; Sem_4; 492
SID20137868; Sem_5; 520
SID20137868; Sem_6; 487
SID20137868; Sem_7; 381
SID20137868; Sem_8; 530
SID20137911; Sem_1; 443
SID20137911; Sem_2; 471
SID20137911; Sem_3; 492
SID20137911; Sem_4; 486
SID20137911; Sem_5; 469
SID20137911; Sem_6; 444
SID20137911; Sem_7; 462
SID20137911; Sem_8; 539
SID20137917; Sem_1; 454
SID20137917; Sem_2; 407
SID20137917; Sem_3; 437
SID20137917; Sem_4; 567
SID20137917; Sem_5; 409
SID20137917; Sem_6; 425
SID20137917; Sem_7; 523
SID20137917; Sem_8; 568
SID20137918; Sem_1; 476
SID20137918; Sem_2; 492
SID20137918; Sem_3; 490
SID20137918; Sem_4; 470
SID20137918; Sem_5; 488
SID20137918; Sem_6; 482
SID20137918; Sem_7; 532
SID20137918; Sem_8; 420
SID20137928; Sem_1; 413
SID20137928; Sem_2; 484
SID20137928; Sem_3; 386
SID20137928; Sem_4; 524
SID20137928; Sem_5; 548
SID20137928; Sem_6; 526
SID20137928; Sem_7; 474
SID20137928; Sem_8; 486
SID20137931; Sem_1; 536
SID20137931; Sem_2; 464
SID20137931; Sem_3; 462
SID20137931; Sem_4; 386
SID20137931; Sem_5; 435
SID20137931; Sem_6; 528
SID20137931; Sem_7; 475
SID20137931; Sem_8; 525
SID20137973; Sem_1; 497
SID20137973; Sem_2; 414
SID20137973; Sem_3; 407
SID20137973; Sem_4; 405
SID20137973; Sem_5; 509
SID20137973; Sem_6; 498
SID20137973; Sem_7; 535
SID20137973; Sem_8; 516
SID20137981; Sem_1; 508
SID20137981; Sem_2; 428
SID20137981; Sem_3; 502
SID20137981; Sem_4; 484
SID20137981; Sem_5; 527
SID20137981; Sem_6; 426
SID20137981; Sem_7; 379
SID20137981; Sem_8; 514
SID20137984; Sem_1; 543
SID20137984; Sem_2; 439
SID20137984; Sem_3; 499
SID20137984; Sem_4; 488
SID20137984; Sem_5; 510
SID20137984; Sem_6; 598
SID20137984; Sem_7; 535
SID20137984; Sem_8; 513
SID20137992; Sem_1; 478
SID20137992; Sem_2; 455
SID20137992; Sem_3; 468
SID20137992; Sem_4; 512
SID20137992; Sem_5; 502
SID20137992; Sem_6; 439
SID20137992; Sem_7; 476
SID20137992; Sem_8; 517
SID20138021; Sem_1; 530
SID20138021; Sem_2; 409
SID20138021; Sem_3; 486
SID20138021; Sem_4; 363
SID20138021; Sem_5; 529
SID20138021; Sem_6; 482
SID20138021; Sem_7; 464
SID20138021; Sem_8; 546
SID20138022; Sem_1; 450
SID20138022; Sem_2; 474
SID20138022; Sem_3; 420
SID20138022; Sem_4; 385
SID20138022; Sem_5; 474
SID20138022; Sem_6; 356
SID20138022; Sem_7; 538
SID20138022; Sem_8; 490
SID20138029; Sem_1; 443
SID20138029; Sem_2; 479
SID20138029; Sem_3; 442
SID20138029; Sem_4; 392
SID20138029; Sem_5; 561
SID20138029; Sem_6; 448
SID20138029; Sem_7; 414
SID20138029; Sem_8; 490
SID20138035; Sem_1; 470
SID20138035; Sem_2; 448
SID20138035; Sem_3; 416
SID20138035; Sem_4; 459
SID20138035; Sem_5; 491
SID20138035; Sem_6; 400
SID20138035; Sem_7; 356
SID20138035; Sem_8; 440
SID20138039; Sem_1; 429
SID20138039; Sem_2; 419
SID20138039; Sem_3; 534
SID20138039; Sem_4; 407
SID20138039; Sem_5; 397
SID20138039; Sem_6; 393
SID20138039; Sem_7; 490
SID20138039; Sem_8; 514
SID20138050; Sem_1; 484
SID20138050; Sem_2; 435
SID20138050; Sem_3; 536
SID20138050; Sem_4; 481
SID20138050; Sem_5; 502
SID20138050; Sem_6; 480
SID20138050; Sem_7; 519
SID20138050; Sem_8; 597
SID20138084; Sem_1; 419
SID20138084; Sem_2; 476
SID20138084; Sem_3; 492
SID20138084; Sem_4; 481
SID20138084; Sem_5; 512
SID20138084; Sem_6; 474
SID20138084; Sem_7; 448
SID20138084; Sem_8; 507
SID20138091; Sem_1; 370
SID20138091; Sem_2; 528
SID20138091; Sem_3; 515
SID20138091; Sem_4; 560
SID20138091; Sem_5; 436
SID20138091; Sem_6; 552
SID20138091; Sem_7; 515
SID20138091; Sem_8; 405
SID20138108; Sem_1; 536
SID20138108; Sem_2; 522
SID20138108; Sem_3; 482
SID20138108; Sem_4; 464
SID20138108; Sem_5; 478
SID20138108; Sem_6; 499
SID20138108; Sem_7; 430
SID20138108; Sem_8; 585
SID20138144; Sem_1; 518
SID20138144; Sem_2; 509
SID20138144; Sem_3; 439
SID20138144; Sem_4; 377
SID20138144; Sem_5; 460
SID20138144; Sem_6; 449
SID20138144; Sem_7; 580
SID20138144; Sem_8; 408
SID20138150; Sem_1; 399
SID20138150; Sem_2; 430
SID20138150; Sem_3; 550
SID20138150; Sem_4; 425
SID20138150; Sem_5; 421
SID20138150; Sem_6; 434
SID20138150; Sem_7; 502
SID20138150; Sem_8; 508
SID20138156; Sem_1; 401
SID20138156; Sem_2; 524
SID20138156; Sem_3; 541
SID20138156; Sem_4; 431
SID20138156; Sem_5; 455
SID20138156; Sem_6; 466
SID20138156; Sem_7; 380
SID20138156; Sem_8; 577
SID20138175; Sem_1; 480
SID20138175; Sem_2; 487
SID20138175; Sem_3; 477
SID20138175; Sem_4; 479
SID20138175; Sem_5; 369
SID20138175; Sem_6; 436
SID20138175; Sem_7; 492
SID20138175; Sem_8; 521
SID20138176; Sem_1; 482
SID20138176; Sem_2; 337
SID20138176; Sem_3; 487
SID20138176; Sem_4; 541
SID20138176; Sem_5; 467
SID20138176; Sem_6; 537
SID20138176; Sem_7; 480
SID20138176; Sem_8; 454
SID20138204; Sem_1; 506
SID20138204; Sem_2; 510
SID20138204; Sem_3; 559
SID20138204; Sem_4; 492
SID20138204; Sem_5; 483
SID20138204; Sem_6; 446
SID20138204; Sem_7; 536
SID20138204; Sem_8; 502
SID20138208; Sem_1; 473
SID20138208; Sem_2; 494
SID20138208; Sem_3; 419
SID20138208; Sem_4; 455
SID20138208; Sem_5; 354
SID20138208; Sem_6; 462
SID20138208; Sem_7; 486
SID20138208; Sem_8; 415
SID20138213; Sem_1; 421
SID20138213; Sem_2; 518
SID20138213; Sem_3; 376
SID20138213; Sem_4; 559
SID20138213; Sem_5; 398
SID20138213; Sem_6; 468
SID20138213; Sem_7; 444
SID20138213; Sem_8; 460
SID20138246; Sem_1; 420
SID20138246; Sem_2; 543
SID20138246; Sem_3; 506
SID20138246; Sem_4; 463
SID20138246; Sem_5; 477
SID20138246; Sem_6; 527
SID20138246; Sem_7; 520
SID20138246; Sem_8; 506
SID20138248; Sem_1; 488
SID20138248; Sem_2; 490
SID20138248; Sem_3; 423
SID20138248; Sem_4; 498
SID20138248; Sem_5; 480
SID20138248; Sem_6; 523
SID20138248; Sem_7; 401
SID20138248; Sem_8; 537
SID20138257; Sem_1; 464
SID20138257; Sem_2; 489
SID20138257; Sem_3; 513
SID20138257; Sem_4; 497
SID20138257; Sem_5; 434
SID20138257; Sem_6; 561
SID20138257; Sem_7; 475
SID20138257; Sem_8; 433
SID20138259; Sem_1; 541
SID20138259; Sem_2; 397
SID20138259; Sem_3; 384
SID20138259; Sem_4; 463
SID20138259; Sem_5; 531
SID20138259; Sem_6; 527
SID20138259; Sem_7; 551
SID20138259; Sem_8; 443
SID20138292; Sem_1; 426
SID20138292; Sem_2; 599
SID20138292; Sem_3; 465
SID20138292; Sem_4; 437
SID20138292; Sem_5; 548
SID20138292; Sem_6; 533
SID20138292; Sem_7; 475
SID20138292; Sem_8; 422
SID20138311; Sem_1; 483
SID20138311; Sem_2; 489
SID20138311; Sem_3; 505
SID20138311; Sem_4; 427
SID20138311; Sem_5; 559
SID20138311; Sem_6; 507
SID20138311; Sem_7; 538
SID20138311; Sem_8; 439
SID20138315; Sem_1; 445
SID20138315; Sem_2; 487
SID20138315; Sem_3; 485
SID20138315; Sem_4; 502
SID20138315; Sem_5; 567
SID20138315; Sem_6; 422
SID20138315; Sem_7; 475
SID20138315; Sem_8; 403
SID20138349; Sem_1; 558
SID20138349; Sem_2; 512
SID20138349; Sem_3; 477
SID20138349; Sem_4; 492
SID20138349; Sem_5; 516
SID20138349; Sem_6; 521
SID20138349; Sem_7; 502
SID20138349; Sem_8; 474
SID20138360; Sem_1; 522
SID20138360; Sem_2; 483
SID20138360; Sem_3; 409
SID20138360; Sem_4; 450
SID20138360; Sem_5; 411
SID20138360; Sem_6; 523
SID20138360; Sem_7; 602
SID20138360; Sem_8; 492
SID20138394; Sem_1; 432
SID20138394; Sem_2; 459
SID20138394; Sem_3; 615
SID20138394; Sem_4; 535
SID20138394; Sem_5; 450
SID20138394; Sem_6; 429
SID20138394; Sem_7; 487
SID20138394; Sem_8; 456
SID20138428; Sem_1; 545
SID20138428; Sem_2; 456
SID20138428; Sem_3; 559
SID20138428; Sem_4; 447
SID20138428; Sem_5; 498
SID20138428; Sem_6; 418
SID20138428; Sem_7; 490
SID20138428; Sem_8; 409
SID20138432; Sem_1; 537
SID20138432; Sem_2; 510
SID20138432; Sem_3; 605
SID20138432; Sem_4; 557
SID20138432; Sem_5; 460
SID20138432; Sem_6; 474
SID20138432; Sem_7; 530
SID20138432; Sem_8; 585
SID20138433; Sem_1; 440
SID20138433; Sem_2; 458
SID20138433; Sem_3; 509
SID20138433; Sem_4; 494
SID20138433; Sem_5; 459
SID20138433; Sem_6; 543
SID20138433; Sem_7; 461
SID20138433; Sem_8; 480
SID20138440; Sem_1; 450
SID20138440; Sem_2; 549
SID20138440; Sem_3; 405
SID20138440; Sem_4; 506
SID20138440; Sem_5; 405
SID20138440; Sem_6; 439
SID20138440; Sem_7; 604
SID20138440; Sem_8; 501
SID20138442; Sem_1; 514
SID20138442; Sem_2; 465
SID20138442; Sem_3; 486
SID20138442; Sem_4; 569
SID20138442; Sem_5; 473
SID20138442; Sem_6; 482
SID20138442; Sem_7; 609
SID20138442; Sem_8; 445
SID20138449; Sem_1; 496
SID20138449; Sem_2; 485
SID20138449; Sem_3; 442
SID20138449; Sem_4; 442
SID20138449; Sem_5; 534
SID20138449; Sem_6; 407
SID20138449; Sem_7; 415
SID20138449; Sem_8; 379
SID20138450; Sem_1; 487
SID20138450; Sem_2; 540
SID20138450; Sem_3; 382
SID20138450; Sem_4; 468
SID20138450; Sem_5; 509
SID20138450; Sem_6; 527
SID20138450; Sem_7; 474
SID20138450; Sem_8; 522
SID20138452; Sem_1; 364
SID20138452; Sem_2; 565
SID20138452; Sem_3; 646
SID20138452; Sem_4; 410
SID20138452; Sem_5; 470
SID20138452; Sem_6; 533
SID20138452; Sem_7; 430
SID20138452; Sem_8; 419
SID20138453; Sem_1; 472
SID20138453; Sem_2; 513
SID20138453; Sem_3; 486
SID20138453; Sem_4; 414
SID20138453; Sem_5; 541
SID20138453; Sem_6; 426
SID20138453; Sem_7; 559
SID20138453; Sem_8; 546
SID20138475; Sem_1; 470
SID20138475; Sem_2; 412
SID20138475; Sem_3; 442
SID20138475; Sem_4; 488
SID20138475; Sem_5; 492
SID20138475; Sem_6; 524
SID20138475; Sem_7; 544
SID20138475; Sem_8; 430
SID20138486; Sem_1; 436
SID20138486; Sem_2; 465
SID20138486; Sem_3; 415
SID20138486; Sem_4; 503
SID20138486; Sem_5; 530
SID20138486; Sem_6; 498
SID20138486; Sem_7; 431
SID20138486; Sem_8; 427
SID20138501; Sem_1; 501
SID20138501; Sem_2; 497
SID20138501; Sem_3; 521
SID20138501; Sem_4; 491
SID20138501; Sem_5; 445
SID20138501; Sem_6; 561
SID20138501; Sem_7; 489
SID20138501; Sem_8; 476
SID20138503; Sem_1; 434
SID20138503; Sem_2; 434
SID20138503; Sem_3; 515
SID20138503; Sem_4; 463
SID20138503; Sem_5; 490
SID20138503; Sem_6; 459
SID20138503; Sem_7; 435
SID20138503; Sem_8; 557
SID20138509; Sem_1; 491
SID20138509; Sem_2; 504
SID20138509; Sem_3; 556
SID20138509; Sem_4; 430
SID20138509; Sem_5; 601
SID20138509; Sem_6; 538
SID20138509; Sem_7; 598
SID20138509; Sem_8; 456
SID20138510; Sem_1; 408
SID20138510; Sem_2; 545
SID20138510; Sem_3; 456
SID20138510; Sem_4; 412
SID20138510; Sem_5; 440
SID20138510; Sem_6; 469
SID20138510; Sem_7; 495
SID20138510; Sem_8; 436
SID20138514; Sem_1; 460
SID20138514; Sem_2; 457
SID20138514; Sem_3; 428
SID20138514; Sem_4; 433
SID20138514; Sem_5; 443
SID20138514; Sem_6; 475
SID20138514; Sem_7; 599
SID20138514; Sem_8; 448
SID20138520; Sem_1; 563
SID20138520; Sem_2; 509
SID20138520; Sem_3; 523
SID20138520; Sem_4; 498
SID20138520; Sem_5; 550
SID20138520; Sem_6; 480
SID20138520; Sem_7; 435
SID20138520; Sem_8; 474
SID20138523; Sem_1; 514
SID20138523; Sem_2; 543
SID20138523; Sem_3; 504
SID20138523; Sem_4; 424
SID20138523; Sem_5; 549
SID20138523; Sem_6; 508
SID20138523; Sem_7; 554
SID20138523; Sem_8; 498
SID20138530; Sem_1; 527
SID20138530; Sem_2; 486
SID20138530; Sem_3; 389
SID20138530; Sem_4; 381
SID20138530; Sem_5; 475
SID20138530; Sem_6; 600
SID20138530; Sem_7; 549
SID20138530; Sem_8; 507
SID20138558; Sem_1; 463
SID20138558; Sem_2; 500
SID20138558; Sem_3; 496
SID20138558; Sem_4; 479
SID20138558; Sem_5; 492
SID20138558; Sem_6; 361
SID20138558; Sem_7; 544
SID20138558; Sem_8; 473
SID20138574; Sem_1; 452
SID20138574; Sem_2; 432
SID20138574; Sem_3; 581
SID20138574; Sem_4; 545
SID20138574; Sem_5; 379
SID20138574; Sem_6; 422
SID20138574; Sem_7; 417
SID20138574; Sem_8; 491
SID20138582; Sem_1; 406
SID20138582; Sem_2; 497
SID20138582; Sem_3; 521
SID20138582; Sem_4; 433
SID20138582; Sem_5; 496
SID20138582; Sem_6; 479
SID20138582; Sem_7; 480
SID20138582; Sem_8; 491
SID20138588; Sem_1; 474
SID20138588; Sem_2; 524
SID20138588; Sem_3; 555
SID20138588; Sem_4; 488
SID20138588; Sem_5; 563
SID20138588; Sem_6; 517
SID20138588; Sem_7; 469
SID20138588; Sem_8; 515
SID20138591; Sem_1; 502
SID20138591; Sem_2; 496
SID20138591; Sem_3; 532
SID20138591; Sem_4; 471
SID20138591; Sem_5; 364
SID20138591; Sem_6; 482
SID20138591; Sem_7; 474
SID20138591; Sem_8; 508
SID20138594; Sem_1; 468
SID20138594; Sem_2; 435
SID20138594; Sem_3; 519
SID20138594; Sem_4; 548
SID20138594; Sem_5; 578
SID20138594; Sem_6; 427
SID20138594; Sem_7; 439
SID20138594; Sem_8; 508
SID20138633; Sem_1; 466
SID20138633; Sem_2; 408
SID20138633; Sem_3; 528
SID20138633; Sem_4; 518
SID20138633; Sem_5; 417
SID20138633; Sem_6; 542
SID20138633; Sem_7; 570
SID20138633; Sem_8; 488
SID20138640; Sem_1; 472
SID20138640; Sem_2; 475
SID20138640; Sem_3; 529
SID20138640; Sem_4; 531
SID20138640; Sem_5; 443
SID20138640; Sem_6; 574
SID20138640; Sem_7; 565
SID20138640; Sem_8; 388
SID20138663; Sem_1; 461
SID20138663; Sem_2; 480
SID20138663; Sem_3; 440
SID20138663; Sem_4; 503
SID20138663; Sem_5; 504
SID20138663; Sem_6; 564
SID20138663; Sem_7; 445
SID20138663; Sem_8; 465
SID20138683; Sem_1; 579
SID20138683; Sem_2; 498
SID20138683; Sem_3; 512
SID20138683; Sem_4; 508
SID20138683; Sem_5; 308
SID20138683; Sem_6; 423
SID20138683; Sem_7; 448
SID20138683; Sem_8; 501
SID20138684; Sem_1; 586
SID20138684; Sem_2; 438
SID20138684; Sem_3; 522
SID20138684; Sem_4; 543
SID20138684; Sem_5; 465
SID20138684; Sem_6; 426
SID20138684; Sem_7; 421
SID20138684; Sem_8; 444
SID20138692; Sem_1; 383
SID20138692; Sem_2; 512
SID20138692; Sem_3; 469
SID20138692; Sem_4; 508
SID20138692; Sem_5; 544
SID20138692; Sem_6; 366
SID20138692; Sem_7; 462
SID20138692; Sem_8; 422
SID20138696; Sem_1; 520
SID20138696; Sem_2; 522
SID20138696; Sem_3; 382
SID20138696; Sem_4; 514
SID20138696; Sem_5; 481
SID20138696; Sem_6; 488
SID20138696; Sem_7; 511
SID20138696; Sem_8; 447
SID20138744; Sem_1; 547
SID20138744; Sem_2; 514
SID20138744; Sem_3; 420
SID20138744; Sem_4; 499
SID20138744; Sem_5; 451
SID20138744; Sem_6; 503
SID20138744; Sem_7; 431
SID20138744; Sem_8; 443
SID20138779; Sem_1; 416
SID20138779; Sem_2; 475
SID20138779; Sem_3; 412
SID20138779; Sem_4; 505
SID20138779; Sem_5; 467
SID20138779; Sem_6; 486
SID20138779; Sem_7; 475
SID20138779; Sem_8; 516
SID20138788; Sem_1; 419
SID20138788; Sem_2; 471
SID20138788; Sem_3; 443
SID20138788; Sem_4; 436
SID20138788; Sem_5; 556
SID20138788; Sem_6; 495
SID20138788; Sem_7; 482
SID20138788; Sem_8; 492
SID20138791; Sem_1; 371
SID20138791; Sem_2; 500
SID20138791; Sem_3; 405
SID20138791; Sem_4; 499
SID20138791; Sem_5; 384
SID20138791; Sem_6; 476
SID20138791; Sem_7; 498
SID20138791; Sem_8; 443
SID20138829; Sem_1; 468
SID20138829; Sem_2; 445
SID20138829; Sem_3; 527
SID20138829; Sem_4; 417
SID20138829; Sem_5; 502
SID20138829; Sem_6; 548
SID20138829; Sem_7; 408
SID20138829; Sem_8; 502
SID20138842; Sem_1; 490
SID20138842; Sem_2; 528
SID20138842; Sem_3; 426
SID20138842; Sem_4; 501
SID20138842; Sem_5; 505
SID20138842; Sem_6; 522
SID20138842; Sem_7; 416
SID20138842; Sem_8; 462
SID20138845; Sem_1; 408
SID20138845; Sem_2; 621
SID20138845; Sem_3; 490
SID20138845; Sem_4; 480
SID20138845; Sem_5; 464
SID20138845; Sem_6; 457
SID20138845; Sem_7; 481
SID20138845; Sem_8; 426
SID20138866; Sem_1; 436
SID20138866; Sem_2; 438
SID20138866; Sem_3; 382
SID20138866; Sem_4; 490
SID20138866; Sem_5; 443
SID20138866; Sem_6; 509
SID20138866; Sem_7; 409
SID20138866; Sem_8; 504
SID20138867; Sem_1; 406
SID20138867; Sem_2; 529
SID20138867; Sem_3; 369
SID20138867; Sem_4; 428
SID20138867; Sem_5; 469
SID20138867; Sem_6; 556
SID20138867; Sem_7; 459
SID20138867; Sem_8; 547
SID20138886; Sem_1; 536
SID20138886; Sem_2; 465
SID20138886; Sem_3; 496
SID20138886; Sem_4; 480
SID20138886; Sem_5; 491
SID20138886; Sem_6; 464
SID20138886; Sem_7; 515
SID20138886; Sem_8; 495
SID20138909; Sem_1; 421
SID20138909; Sem_2; 373
SID20138909; Sem_3; 494
SID20138909; Sem_4; 481
SID20138909; Sem_5; 431
SID20138909; Sem_6; 534
SID20138909; Sem_7; 450
SID20138909; Sem_8; 513
SID20138916; Sem_1; 465
SID20138916; Sem_2; 408
SID20138916; Sem_3; 482
SID20138916; Sem_4; 544
SID20138916; Sem_5; 407
SID20138916; Sem_6; 487
SID20138916; Sem_7; 421
SID20138916; Sem_8; 493
SID20138918; Sem_1; 522
SID20138918; Sem_2; 525
SID20138918; Sem_3; 426
SID20138918; Sem_4; 456
SID20138918; Sem_5; 573
SID20138918; Sem_6; 320
SID20138918; Sem_7; 518
SID20138918; Sem_8; 549
SID20138923; Sem_1; 475
SID20138923; Sem_2; 496
SID20138923; Sem_3; 431
SID20138923; Sem_4; 504
SID20138923; Sem_5; 469
SID20138923; Sem_6; 482
SID20138923; Sem_7; 505
SID20138923; Sem_8; 535
SID20138933; Sem_1; 444
SID20138933; Sem_2; 520
SID20138933; Sem_3; 362
SID20138933; Sem_4; 557
SID20138933; Sem_5; 485
SID20138933; Sem_6; 550
SID20138933; Sem_7; 525
SID20138933; Sem_8; 433
SID20138939; Sem_1; 562
SID20138939; Sem_2; 421
SID20138939; Sem_3; 503
SID20138939; Sem_4; 485
SID20138939; Sem_5; 484
SID20138939; Sem_6; 506
SID20138939; Sem_7; 428
SID20138939; Sem_8; 536
SID20138945; Sem_1; 533
SID20138945; Sem_2; 477
SID20138945; Sem_3; 495
SID20138945; Sem_4; 473
SID20138945; Sem_5; 501
SID20138945; Sem_6; 411
SID20138945; Sem_7; 407
SID20138945; Sem_8; 543
SID20138952; Sem_1; 532
SID20138952; Sem_2; 547
SID20138952; Sem_3; 569
SID20138952; Sem_4; 425
SID20138952; Sem_5; 440
SID20138952; Sem_6; 518
SID20138952; Sem_7; 462
SID20138952; Sem_8; 516
SID20138981; Sem_1; 429
SID20138981; Sem_2; 537
SID20138981; Sem_3; 519
SID20138981; Sem_4; 468
SID20138981; Sem_5; 493
SID20138981; Sem_6; 503
SID20138981; Sem_7; 531
SID20138981; Sem_8; 528
SID20138989; Sem_1; 492
SID20138989; Sem_2; 450
SID20138989; Sem_3; 533
SID20138989; Sem_4; 460
SID20138989; Sem_5; 494
SID20138989; Sem_6; 500
SID20138989; Sem_7; 543
SID20138989; Sem_8; 498
SID20138999; Sem_1; 601
SID20138999; Sem_2; 542
SID20138999; Sem_3; 494
SID20138999; Sem_4; 435
SID20138999; Sem_5; 422
SID20138999; Sem_6; 454
SID20138999; Sem_7; 461
SID20138999; Sem_8; 413
SID20139009; Sem_1; 477
SID20139009; Sem_2; 531
SID20139009; Sem_3; 443
SID20139009; Sem_4; 529
SID20139009; Sem_5; 398
SID20139009; Sem_6; 495
SID20139009; Sem_7; 529
SID20139009; Sem_8; 506
SID20139010; Sem_1; 439
SID20139010; Sem_2; 550
SID20139010; Sem_3; 570
SID20139010; Sem_4; 433
SID20139010; Sem_5; 443
SID20139010; Sem_6; 465
SID20139010; Sem_7; 409
SID20139010; Sem_8; 486
SID20139016; Sem_1; 546
SID20139016; Sem_2; 502
SID20139016; Sem_3; 434
SID20139016; Sem_4; 504
SID20139016; Sem_5; 403
SID20139016; Sem_6; 498
SID20139016; Sem_7; 460
SID20139016; Sem_8; 507
SID20139017; Sem_1; 450
SID20139017; Sem_2; 383
SID20139017; Sem_3; 459
SID20139017; Sem_4; 450
SID20139017; Sem_5; 542
SID20139017; Sem_6; 507
SID20139017; Sem_7; 407
SID20139017; Sem_8; 468
SID20139023; Sem_1; 373
SID20139023; Sem_2; 415
SID20139023; Sem_3; 510
SID20139023; Sem_4; 577
SID20139023; Sem_5; 429
SID20139023; Sem_6; 427
SID20139023; Sem_7; 566
SID20139023; Sem_8; 433
SID20139028; Sem_1; 461
SID20139028; Sem_2; 465
SID20139028; Sem_3; 478
SID20139028; Sem_4; 459
SID20139028; Sem_5; 506
SID20139028; Sem_6; 477
SID20139028; Sem_7; 449
SID20139028; Sem_8; 476
SID20139081; Sem_1; 524
SID20139081; Sem_2; 468
SID20139081; Sem_3; 503
SID20139081; Sem_4; 436
SID20139081; Sem_5; 377
SID20139081; Sem_6; 488
SID20139081; Sem_7; 466
SID20139081; Sem_8; 472
SID20139097; Sem_1; 377
SID20139097; Sem_2; 578
SID20139097; Sem_3; 486
SID20139097; Sem_4; 546
SID20139097; Sem_5; 406
SID20139097; Sem_6; 512
SID20139097; Sem_7; 491
SID20139097; Sem_8; 537
SID20139101; Sem_1; 533
SID20139101; Sem_2; 421
SID20139101; Sem_3; 499
SID20139101; Sem_4; 471
SID20139101; Sem_5; 522
SID20139101; Sem_6; 475
SID20139101; Sem_7; 434
SID20139101; Sem_8; 449
SID20139106; Sem_1; 454
SID20139106; Sem_2; 614
SID20139106; Sem_3; 431
SID20139106; Sem_4; 497
SID20139106; Sem_5; 417
SID20139106; Sem_6; 486
SID20139106; Sem_7; 536
SID20139106; Sem_8; 472
SID20139125; Sem_1; 482
SID20139125; Sem_2; 439
SID20139125; Sem_3; 524
SID20139125; Sem_4; 491
SID20139125; Sem_5; 515
SID20139125; Sem_6; 514
SID20139125; Sem_7; 488
SID20139125; Sem_8; 491
SID20139134; Sem_1; 531
SID20139134; Sem_2; 447
SID20139134; Sem_3; 452
SID20139134; Sem_4; 473
SID20139134; Sem_5; 426
SID20139134; Sem_6; 498
SID20139134; Sem_7; 528
SID20139134; Sem_8; 431
SID20139148; Sem_1; 447
SID20139148; Sem_2; 442
SID20139148; Sem_3; 375
SID20139148; Sem_4; 423
SID20139148; Sem_5; 472
SID20139148; Sem_6; 377
SID20139148; Sem_7; 511
SID20139148; Sem_8; 422
SID20139169; Sem_1; 446
SID20139169; Sem_2; 458
SID20139169; Sem_3; 583
SID20139169; Sem_4; 474
SID20139169; Sem_5; 379
SID20139169; Sem_6; 444
SID20139169; Sem_7; 466
SID20139169; Sem_8; 407
SID20139174; Sem_1; 457
SID20139174; Sem_2; 471
SID20139174; Sem_3; 431
SID20139174; Sem_4; 472
SID20139174; Sem_5; 491
SID20139174; Sem_6; 505
SID20139174; Sem_7; 477
SID20139174; Sem_8; 433
SID20139175; Sem_1; 469
SID20139175; Sem_2; 476
SID20139175; Sem_3; 521
SID20139175; Sem_4; 454
SID20139175; Sem_5; 455
SID20139175; Sem_6; 445
SID20139175; Sem_7; 519
SID20139175; Sem_8; 471
SID20139190; Sem_1; 587
SID20139190; Sem_2; 444
SID20139190; Sem_3; 479
SID20139190; Sem_4; 539
SID20139190; Sem_5; 373
SID20139190; Sem_6; 502
SID20139190; Sem_7; 402
SID20139190; Sem_8; 554
SID20139193; Sem_1; 517
SID20139193; Sem_2; 441
SID20139193; Sem_3; 451
SID20139193; Sem_4; 458
SID20139193; Sem_5; 504
SID20139193; Sem_6; 483
SID20139193; Sem_7; 498
SID20139193; Sem_8; 433
SID20139226; Sem_1; 410
SID20139226; Sem_2; 515
SID20139226; Sem_3; 269
SID20139226; Sem_4; 467
SID20139226; Sem_5; 467
SID20139226; Sem_6; 457
SID20139226; Sem_7; 409
SID20139226; Sem_8; 412
SID20139236; Sem_1; 540
SID20139236; Sem_2; 461
SID20139236; Sem_3; 536
SID20139236; Sem_4; 512
SID20139236; Sem_5; 593
SID20139236; Sem_6; 457
SID20139236; Sem_7; 586
SID20139236; Sem_8; 551
SID20139243; Sem_1; 454
SID20139243; Sem_2; 549
SID20139243; Sem_3; 488
SID20139243; Sem_4; 526
SID20139243; Sem_5; 509
SID20139243; Sem_6; 428
SID20139243; Sem_7; 495
SID20139243; Sem_8; 408
SID20139260; Sem_1; 518
SID20139260; Sem_2; 378
SID20139260; Sem_3; 475
SID20139260; Sem_4; 533
SID20139260; Sem_5; 481
SID20139260; Sem_6; 532
SID20139260; Sem_7; 486
SID20139260; Sem_8; 504
SID20139297; Sem_1; 423
SID20139297; Sem_2; 485
SID20139297; Sem_3; 481
SID20139297; Sem_4; 498
SID20139297; Sem_5; 483
SID20139297; Sem_6; 466
SID20139297; Sem_7; 522
SID20139297; Sem_8; 436
SID20139301; Sem_1; 404
SID20139301; Sem_2; 483
SID20139301; Sem_3; 461
SID20139301; Sem_4; 482
SID20139301; Sem_5; 469
SID20139301; Sem_6; 517
SID20139301; Sem_7; 457
SID20139301; Sem_8; 446
SID20139325; Sem_1; 531
SID20139325; Sem_2; 441
SID20139325; Sem_3; 487
SID20139325; Sem_4; 585
SID20139325; Sem_5; 482
SID20139325; Sem_6; 506
SID20139325; Sem_7; 414
SID20139325; Sem_8; 409
SID20139329; Sem_1; 472
SID20139329; Sem_2; 414
SID20139329; Sem_3; 558
SID20139329; Sem_4; 436
SID20139329; Sem_5; 499
SID20139329; Sem_6; 509
SID20139329; Sem_7; 539
SID20139329; Sem_8; 491
SID20139360; Sem_1; 547
SID20139360; Sem_2; 457
SID20139360; Sem_3; 355
SID20139360; Sem_4; 636
SID20139360; Sem_5; 500
SID20139360; Sem_6; 497
SID20139360; Sem_7; 477
SID20139360; Sem_8; 517
SID20139373; Sem_1; 498
SID20139373; Sem_2; 488
SID20139373; Sem_3; 483
SID20139373; Sem_4; 391
SID20139373; Sem_5; 552
SID20139373; Sem_6; 568
SID20139373; Sem_7; 461
SID20139373; Sem_8; 450
SID20139419; Sem_1; 518
SID20139419; Sem_2; 394
SID20139419; Sem_3; 445
SID20139419; Sem_4; 478
SID20139419; Sem_5; 529
SID20139419; Sem_6; 506
SID20139419; Sem_7; 523
SID20139419; Sem_8; 522
SID20139425; Sem_1; 508
SID20139425; Sem_2; 496
SID20139425; Sem_3; 585
SID20139425; Sem_4; 550
SID20139425; Sem_5; 540
SID20139425; Sem_6; 447
SID20139425; Sem_7; 490
SID20139425; Sem_8; 579
SID20139442; Sem_1; 527
SID20139442; Sem_2; 436
SID20139442; Sem_3; 546
SID20139442; Sem_4; 446
SID20139442; Sem_5; 550
SID20139442; Sem_6; 480
SID20139442; Sem_7; 610
SID20139442; Sem_8; 529
SID20139454; Sem_1; 533
SID20139454; Sem_2; 360
SID20139454; Sem_3; 429
SID20139454; Sem_4; 465
SID20139454; Sem_5; 601
SID20139454; Sem_6; 527
SID20139454; Sem_7; 472
SID20139454; Sem_8; 435
SID20139456; Sem_1; 378
SID20139456; Sem_2; 481
SID20139456; Sem_3; 344
SID20139456; Sem_4; 554
SID20139456; Sem_5; 475
SID20139456; Sem_6; 541
SID20139456; Sem_7; 510
SID20139456; Sem_8; 451
SID20139467; Sem_1; 408
SID20139467; Sem_2; 396
SID20139467; Sem_3; 439
SID20139467; Sem_4; 352
SID20139467; Sem_5; 493
SID20139467; Sem_6; 488
SID20139467; Sem_7; 461
SID20139467; Sem_8; 490
SID20139469; Sem_1; 447
SID20139469; Sem_2; 468
SID20139469; Sem_3; 541
SID20139469; Sem_4; 455
SID20139469; Sem_5; 480
SID20139469; Sem_6; 585
SID20139469; Sem_7; 594
SID20139469; Sem_8; 439
SID20139520; Sem_1; 565
SID20139520; Sem_2; 439
SID20139520; Sem_3; 429
SID20139520; Sem_4; 482
SID20139520; Sem_5; 480
SID20139520; Sem_6; 558
SID20139520; Sem_7; 448
SID20139520; Sem_8; 452
SID20139546; Sem_1; 493
SID20139546; Sem_2; 501
SID20139546; Sem_3; 319
SID20139546; Sem_4; 443
SID20139546; Sem_5; 529
SID20139546; Sem_6; 523
SID20139546; Sem_7; 433
SID20139546; Sem_8; 452
SID20139554; Sem_1; 467
SID20139554; Sem_2; 485
SID20139554; Sem_3; 513
SID20139554; Sem_4; 517
SID20139554; Sem_5; 407
SID20139554; Sem_6; 482
SID20139554; Sem_7; 409
SID20139554; Sem_8; 467
SID20139569; Sem_1; 533
SID20139569; Sem_2; 465
SID20139569; Sem_3; 419
SID20139569; Sem_4; 505
SID20139569; Sem_5; 438
SID20139569; Sem_6; 536
SID20139569; Sem_7; 470
SID20139569; Sem_8; 551
SID20139578; Sem_1; 534
SID20139578; Sem_2; 531
SID20139578; Sem_3; 532
SID20139578; Sem_4; 426
SID20139578; Sem_5; 542
SID20139578; Sem_6; 452
SID20139578; Sem_7; 552
SID20139578; Sem_8; 513
SID20139587; Sem_1; 384
SID20139587; Sem_2; 493
SID20139587; Sem_3; 455
SID20139587; Sem_4; 443
SID20139587; Sem_5; 462
SID20139587; Sem_6; 592
SID20139587; Sem_7; 455
SID20139587; Sem_8; 560
SID20139592; Sem_1; 396
SID20139592; Sem_2; 541
SID20139592; Sem_3; 485
SID20139592; Sem_4; 413
SID20139592; Sem_5; 477
SID20139592; Sem_6; 453
SID20139592; Sem_7; 467
SID20139592; Sem_8; 381
SID20139595; Sem_1; 355
SID20139595; Sem_2; 474
SID20139595; Sem_3; 540
SID20139595; Sem_4; 483
SID20139595; Sem_5; 498
SID20139595; Sem_6; 407
SID20139595; Sem_7; 474
SID20139595; Sem_8; 479
SID20139597; Sem_1; 496
SID20139597; Sem_2; 455
SID20139597; Sem_3; 444
SID20139597; Sem_4; 457
SID20139597; Sem_5; 438
SID20139597; Sem_6; 523
SID20139597; Sem_7; 508
SID20139597; Sem_8; 490
SID20139598; Sem_1; 436
SID20139598; Sem_2; 563
SID20139598; Sem_3; 488
SID20139598; Sem_4; 513
SID20139598; Sem_5; 423
SID20139598; Sem_6; 440
SID20139598; Sem_7; 405
SID20139598; Sem_8; 449
SID20139608; Sem_1; 442
SID20139608; Sem_2; 484
SID20139608; Sem_3; 433
SID20139608; Sem_4; 478
SID20139608; Sem_5; 528
SID20139608; Sem_6; 455
SID20139608; Sem_7; 479
SID20139608; Sem_8; 512
SID20139610; Sem_1; 510
SID20139610; Sem_2; 452
SID20139610; Sem_3; 515
SID20139610; Sem_4; 514
SID20139610; Sem_5; 479
SID20139610; Sem_6; 474
SID20139610; Sem_7; 550
SID20139610; Sem_8; 425
SID20139613; Sem_1; 432
SID20139613; Sem_2; 484
SID20139613; Sem_3; 520
SID20139613; Sem_4; 518
SID20139613; Sem_5; 545
SID20139613; Sem_6; 489
SID20139613; Sem_7; 503
SID20139613; Sem_8; 567
SID20139616; Sem_1; 502
SID20139616; Sem_2; 469
SID20139616; Sem_3; 498
SID20139616; Sem_4; 495
SID20139616; Sem_5; 410
SID20139616; Sem_6; 487
SID20139616; Sem_7; 478
SID20139616; Sem_8; 316
SID20139626; Sem_1; 612
SID20139626; Sem_2; 457
SID20139626; Sem_3; 521
SID20139626; Sem_4; 462
SID20139626; Sem_5; 443
SID20139626; Sem_6; 563
SID20139626; Sem_7; 537
SID20139626; Sem_8; 481
SID20139653; Sem_1; 537
SID20139653; Sem_2; 586
SID20139653; Sem_3; 518
SID20139653; Sem_4; 503
SID20139653; Sem_5; 440
SID20139653; Sem_6; 453
SID20139653; Sem_7; 405
SID20139653; Sem_8; 464
SID20139656; Sem_1; 426
SID20139656; Sem_2; 540
SID20139656; Sem_3; 445
SID20139656; Sem_4; 534
SID20139656; Sem_5; 550
SID20139656; Sem_6; 464
SID20139656; Sem_7; 523
SID20139656; Sem_8; 526
SID20139670; Sem_1; 526
SID20139670; Sem_2; 499
SID20139670; Sem_3; 530
SID20139670; Sem_4; 491
SID20139670; Sem_5; 507
SID20139670; Sem_6; 463
SID20139670; Sem_7; 412
SID20139670; Sem_8; 486
SID20139691; Sem_1; 482
SID20139691; Sem_2; 454
SID20139691; Sem_3; 376
SID20139691; Sem_4; 587
SID20139691; Sem_5; 409
SID20139691; Sem_6; 465
SID20139691; Sem_7; 545
SID20139691; Sem_8; 503
SID20139695; Sem_1; 498
SID20139695; Sem_2; 601
SID20139695; Sem_3; 476
SID20139695; Sem_4; 440
SID20139695; Sem_5; 492
SID20139695; Sem_6; 532
SID20139695; Sem_7; 459
SID20139695; Sem_8; 586
SID20139698; Sem_1; 507
SID20139698; Sem_2; 542
SID20139698; Sem_3; 518
SID20139698; Sem_4; 525
SID20139698; Sem_5; 563
SID20139698; Sem_6; 535
SID20139698; Sem_7; 513
SID20139698; Sem_8; 480
SID20139701; Sem_1; 492
SID20139701; Sem_2; 587
SID20139701; Sem_3; 520
SID20139701; Sem_4; 456
SID20139701; Sem_5; 514
SID20139701; Sem_6; 475
SID20139701; Sem_7; 497
SID20139701; Sem_8; 397
SID20139716; Sem_1; 573
SID20139716; Sem_2; 445
SID20139716; Sem_3; 399
SID20139716; Sem_4; 450
SID20139716; Sem_5; 424
SID20139716; Sem_6; 400
SID20139716; Sem_7; 434
SID20139716; Sem_8; 530
SID20139718; Sem_1; 447
SID20139718; Sem_2; 416
SID20139718; Sem_3; 406
SID20139718; Sem_4; 473
SID20139718; Sem_5; 394
SID20139718; Sem_6; 410
SID20139718; Sem_7; 542
SID20139718; Sem_8; 463
SID20139751; Sem_1; 405
SID20139751; Sem_2; 494
SID20139751; Sem_3; 461
SID20139751; Sem_4; 486
SID20139751; Sem_5; 434
SID20139751; Sem_6; 423
SID20139751; Sem_7; 495
SID20139751; Sem_8; 451
SID20139754; Sem_1; 471
SID20139754; Sem_2; 537
SID20139754; Sem_3; 479
SID20139754; Sem_4; 515
SID20139754; Sem_5; 512
SID20139754; Sem_6; 440
SID20139754; Sem_7; 533
SID20139754; Sem_8; 406
SID20139762; Sem_1; 562
SID20139762; Sem_2; 421
SID20139762; Sem_3; 436
SID20139762; Sem_4; 512
SID20139762; Sem_5; 549
SID20139762; Sem_6; 550
SID20139762; Sem_7; 433
SID20139762; Sem_8; 481
SID20139763; Sem_1; 473
SID20139763; Sem_2; 512
SID20139763; Sem_3; 458
SID20139763; Sem_4; 535
SID20139763; Sem_5; 430
SID20139763; Sem_6; 554
SID20139763; Sem_7; 459
SID20139763; Sem_8; 557
SID20139775; Sem_1; 465
SID20139775; Sem_2; 390
SID20139775; Sem_3; 480
SID20139775; Sem_4; 385
SID20139775; Sem_5; 554
SID20139775; Sem_6; 404
SID20139775; Sem_7; 491
SID20139775; Sem_8; 419
SID20139776; Sem_1; 495
SID20139776; Sem_2; 462
SID20139776; Sem_3; 436
SID20139776; Sem_4; 546
SID20139776; Sem_5; 401
SID20139776; Sem_6; 452
SID20139776; Sem_7; 396
SID20139776; Sem_8; 331
SID20139795; Sem_1; 512
SID20139795; Sem_2; 508
SID20139795; Sem_3; 540
SID20139795; Sem_4; 426
SID20139795; Sem_5; 519
SID20139795; Sem_6; 452
SID20139795; Sem_7; 556
SID20139795; Sem_8; 556
SID20139799; Sem_1; 482
SID20139799; Sem_2; 406
SID20139799; Sem_3; 511
SID20139799; Sem_4; 471
SID20139799; Sem_5; 565
SID20139799; Sem_6; 502
SID20139799; Sem_7; 381
SID20139799; Sem_8; 395
SID20139813; Sem_1; 493
SID20139813; Sem_2; 478
SID20139813; Sem_3; 505
SID20139813; Sem_4; 496
SID20139813; Sem_5; 493
SID20139813; Sem_6; 513
SID20139813; Sem_7; 313
SID20139813; Sem_8; 565
SID20139815; Sem_1; 466
SID20139815; Sem_2; 421
SID20139815; Sem_3; 437
SID20139815; Sem_4; 455
SID20139815; Sem_5; 514
SID20139815; Sem_6; 557
SID20139815; Sem_7; 520
SID20139815; Sem_8; 364
SID20139821; Sem_1; 497
SID20139821; Sem_2; 476
SID20139821; Sem_3; 545
SID20139821; Sem_4; 413
SID20139821; Sem_5; 550
SID20139821; Sem_6; 462
SID20139821; Sem_7; 525
SID20139821; Sem_8; 431
SID20139839; Sem_1; 476
SID20139839; Sem_2; 548
SID20139839; Sem_3; 430
SID20139839; Sem_4; 536
SID20139839; Sem_5; 576
SID20139839; Sem_6; 466
SID20139839; Sem_7; 548
SID20139839; Sem_8; 454
SID20139856; Sem_1; 446
SID20139856; Sem_2; 498
SID20139856; Sem_3; 476
SID20139856; Sem_4; 488
SID20139856; Sem_5; 526
SID20139856; Sem_6; 459
SID20139856; Sem_7; 493
SID20139856; Sem_8; 546
SID20139867; Sem_1; 500
SID20139867; Sem_2; 477
SID20139867; Sem_3; 423
SID20139867; Sem_4; 458
SID20139867; Sem_5; 430
SID20139867; Sem_6; 568
SID20139867; Sem_7; 417
SID20139867; Sem_8; 530
SID20139878; Sem_1; 418
SID20139878; Sem_2; 456
SID20139878; Sem_3; 512
SID20139878; Sem_4; 412
SID20139878; Sem_5; 460
SID20139878; Sem_6; 467
SID20139878; Sem_7; 531
SID20139878; Sem_8; 527
SID20139880; Sem_1; 465
SID20139880; Sem_2; 427
SID20139880; Sem_3; 377
SID20139880; Sem_4; 488
SID20139880; Sem_5; 441
SID20139880; Sem_6; 448
SID20139880; Sem_7; 442
SID20139880; Sem_8; 494
SID20139904; Sem_1; 543
SID20139904; Sem_2; 449
SID20139904; Sem_3; 473
SID20139904; Sem_4; 457
SID20139904; Sem_5; 498
SID20139904; Sem_6; 436
SID20139904; Sem_7; 431
SID20139904; Sem_8; 462
SID20139913; Sem_1; 536
SID20139913; Sem_2; 514
SID20139913; Sem_3; 506
SID20139913; Sem_4; 429
SID20139913; Sem_5; 466
SID20139913; Sem_6; 540
SID20139913; Sem_7; 486
SID20139913; Sem_8; 566
SID20139938; Sem_1; 523
SID20139938; Sem_2; 550
SID20139938; Sem_3; 460
SID20139938; Sem_4; 481
SID20139938; Sem_5; 412
SID20139938; Sem_6; 442
SID20139938; Sem_7; 455
SID20139938; Sem_8; 432
SID20139939; Sem_1; 517
SID20139939; Sem_2; 428
SID20139939; Sem_3; 465
SID20139939; Sem_4; 438
SID20139939; Sem_5; 498
SID20139939; Sem_6; 335
SID20139939; Sem_7; 553
SID20139939; Sem_8; 430
SID20139962; Sem_1; 463
SID20139962; Sem_2; 525
SID20139962; Sem_3; 439
SID20139962; Sem_4; 440
SID20139962; Sem_5; 395
SID20139962; Sem_6; 573
SID20139962; Sem_7; 472
SID20139962; Sem_8; 560
SID20139964; Sem_1; 431
SID20139964; Sem_2; 522
SID20139964; Sem_3; 458
SID20139964; Sem_4; 547
SID20139964; Sem_5; 440
SID20139964; Sem_6; 476
SID20139964; Sem_7; 474
SID20139964; Sem_8; 425
SID20141126; Sem_1; 542
SID20141126; Sem_2; 511
SID20141126; Sem_3; 421
SID20141126; Sem_4; 455
SID20141126; Sem_5; 406
SID20141126; Sem_6; 483
SID20141126; Sem_7; 511
SID20141126; Sem_8; 507
SID20141130; Sem_1; 455
SID20141130; Sem_2; 493
SID20141130; Sem_3; 526
SID20141130; Sem_4; 493
SID20141130; Sem_5; 510
SID20141130; Sem_6; 399
SID20141130; Sem_7; 467
SID20141130; Sem_8; 503
SID20141153; Sem_1; 426
SID20141153; Sem_2; 464
SID20141153; Sem_3; 454
SID20141153; Sem_4; 432
SID20141153; Sem_5; 436
SID20141153; Sem_6; 484
SID20141153; Sem_7; 437
SID20141153; Sem_8; 453
SID20141162; Sem_1; 355
SID20141162; Sem_2; 450
SID20141162; Sem_3; 470
SID20141162; Sem_4; 544
SID20141162; Sem_5; 475
SID20141162; Sem_6; 384
SID20141162; Sem_7; 450
SID20141162; Sem_8; 526
SID20141207; Sem_1; 413
SID20141207; Sem_2; 424
SID20141207; Sem_3; 477
SID20141207; Sem_4; 479
SID20141207; Sem_5; 507
SID20141207; Sem_6; 533
SID20141207; Sem_7; 438
SID20141207; Sem_8; 477
SID20141257; Sem_1; 453
SID20141257; Sem_2; 364
SID20141257; Sem_3; 394
SID20141257; Sem_4; 541
SID20141257; Sem_5; 539
SID20141257; Sem_6; 387
SID20141257; Sem_7; 456
SID20141257; Sem_8; 524
SID20141286; Sem_1; 572
SID20141286; Sem_2; 501
SID20141286; Sem_3; 551
SID20141286; Sem_4; 562
SID20141286; Sem_5; 486
SID20141286; Sem_6; 370
SID20141286; Sem_7; 520
SID20141286; Sem_8; 441
SID20141292; Sem_1; 507
SID20141292; Sem_2; 498
SID20141292; Sem_3; 519
SID20141292; Sem_4; 499
SID20141292; Sem_5; 480
SID20141292; Sem_6; 491
SID20141292; Sem_7; 484
SID20141292; Sem_8; 469
SID20141309; Sem_1; 486
SID20141309; Sem_2; 490
SID20141309; Sem_3; 446
SID20141309; Sem_4; 356
SID20141309; Sem_5; 424
SID20141309; Sem_6; 475
SID20141309; Sem_7; 581
SID20141309; Sem_8; 399
SID20141326; Sem_1; 499
SID20141326; Sem_2; 512
SID20141326; Sem_3; 398
SID20141326; Sem_4; 395
SID20141326; Sem_5; 435
SID20141326; Sem_6; 518
SID20141326; Sem_7; 498
SID20141326; Sem_8; 466
SID20141430; Sem_1; 476
SID20141430; Sem_2; 482
SID20141430; Sem_3; 554
SID20141430; Sem_4; 491
SID20141430; Sem_5; 496
SID20141430; Sem_6; 476
SID20141430; Sem_7; 550
SID20141430; Sem_8; 581
SID20141431; Sem_1; 486
SID20141431; Sem_2; 461
SID20141431; Sem_3; 467
SID20141431; Sem_4; 515
SID20141431; Sem_5; 446
SID20141431; Sem_6; 501
SID20141431; Sem_7; 425
SID20141431; Sem_8; 459
SID20141432; Sem_1; 463
SID20141432; Sem_2; 513
SID20141432; Sem_3; 443
SID20141432; Sem_4; 542
SID20141432; Sem_5; 441
SID20141432; Sem_6; 416
SID20141432; Sem_7; 515
SID20141432; Sem_8; 465
SID20141462; Sem_1; 548
SID20141462; Sem_2; 459
SID20141462; Sem_3; 526
SID20141462; Sem_4; 488
SID20141462; Sem_5; 452
SID20141462; Sem_6; 521
SID20141462; Sem_7; 434
SID20141462; Sem_8; 455
SID20141478; Sem_1; 449
SID20141478; Sem_2; 420
SID20141478; Sem_3; 475
SID20141478; Sem_4; 368
SID20141478; Sem_5; 507
SID20141478; Sem_6; 458
SID20141478; Sem_7; 447
SID20141478; Sem_8; 515
SID20141484; Sem_1; 495
SID20141484; Sem_2; 404
SID20141484; Sem_3; 505
SID20141484; Sem_4; 469
SID20141484; Sem_5; 405
SID20141484; Sem_6; 497
SID20141484; Sem_7; 440
SID20141484; Sem_8; 488
SID20141485; Sem_1; 485
SID20141485; Sem_2; 509
SID20141485; Sem_3; 584
SID20141485; Sem_4; 499
SID20141485; Sem_5; 502
SID20141485; Sem_6; 468
SID20141485; Sem_7; 499
SID20141485; Sem_8; 489
SID20141494; Sem_1; 528
SID20141494; Sem_2; 468
SID20141494; Sem_3; 571
SID20141494; Sem_4; 478
SID20141494; Sem_5; 505
SID20141494; Sem_6; 531
SID20141494; Sem_7; 486
SID20141494; Sem_8; 352
SID20141510; Sem_1; 394
SID20141510; Sem_2; 481
SID20141510; Sem_3; 432
SID20141510; Sem_4; 369
SID20141510; Sem_5; 481
SID20141510; Sem_6; 438
SID20141510; Sem_7; 472
SID20141510; Sem_8; 463
SID20141514; Sem_1; 415
SID20141514; Sem_2; 427
SID20141514; Sem_3; 548
SID20141514; Sem_4; 465
SID20141514; Sem_5; 413
SID20141514; Sem_6; 483
SID20141514; Sem_7; 554
SID20141514; Sem_8; 396
SID20141516; Sem_1; 483
SID20141516; Sem_2; 433
SID20141516; Sem_3; 556
SID20141516; Sem_4; 482
SID20141516; Sem_5; 373
SID20141516; Sem_6; 492
SID20141516; Sem_7; 446
SID20141516; Sem_8; 617
SID20141545; Sem_1; 464
SID20141545; Sem_2; 406
SID20141545; Sem_3; 467
SID20141545; Sem_4; 487
SID20141545; Sem_5; 474
SID20141545; Sem_6; 458
SID20141545; Sem_7; 490
SID20141545; Sem_8; 528
SID20141546; Sem_1; 387
SID20141546; Sem_2; 349
SID20141546; Sem_3; 545
SID20141546; Sem_4; 503
SID20141546; Sem_5; 588
SID20141546; Sem_6; 489
SID20141546; Sem_7; 383
SID20141546; Sem_8; 490
SID20141553; Sem_1; 443
SID20141553; Sem_2; 496
SID20141553; Sem_3; 468
SID20141553; Sem_4; 428
SID20141553; Sem_5; 430
SID20141553; Sem_6; 505
SID20141553; Sem_7; 563
SID20141553; Sem_8; 583
SID20141561; Sem_1; 526
SID20141561; Sem_2; 508
SID20141561; Sem_3; 481
SID20141561; Sem_4; 565
SID20141561; Sem_5; 537
SID20141561; Sem_6; 530
SID20141561; Sem_7; 532
SID20141561; Sem_8; 522
SID20141591; Sem_1; 464
SID20141591; Sem_2; 416
SID20141591; Sem_3; 416
SID20141591; Sem_4; 510
SID20141591; Sem_5; 537
SID20141591; Sem_6; 539
SID20141591; Sem_7; 446
SID20141591; Sem_8; 320
SID20141598; Sem_1; 437
SID20141598; Sem_2; 452
SID20141598; Sem_3; 399
SID20141598; Sem_4; 426
SID20141598; Sem_5; 400
SID20141598; Sem_6; 491
SID20141598; Sem_7; 526
SID20141598; Sem_8; 439
SID20141604; Sem_1; 473
SID20141604; Sem_2; 414
SID20141604; Sem_3; 442
SID20141604; Sem_4; 508
SID20141604; Sem_5; 481
SID20141604; Sem_6; 444
SID20141604; Sem_7; 528
SID20141604; Sem_8; 567
SID20141616; Sem_1; 476
SID20141616; Sem_2; 476
SID20141616; Sem_3; 525
SID20141616; Sem_4; 554
SID20141616; Sem_5; 585
SID20141616; Sem_6; 446
SID20141616; Sem_7; 484
SID20141616; Sem_8; 429
SID20141639; Sem_1; 435
SID20141639; Sem_2; 572
SID20141639; Sem_3; 532
SID20141639; Sem_4; 428
SID20141639; Sem_5; 417
SID20141639; Sem_6; 563
SID20141639; Sem_7; 518
SID20141639; Sem_8; 464
SID20141655; Sem_1; 465
SID20141655; Sem_2; 458
SID20141655; Sem_3; 511
SID20141655; Sem_4; 511
SID20141655; Sem_5; 491
SID20141655; Sem_6; 479
SID20141655; Sem_7; 525
SID20141655; Sem_8; 570
SID20141686; Sem_1; 497
SID20141686; Sem_2; 442
SID20141686; Sem_3; 548
SID20141686; Sem_4; 467
SID20141686; Sem_5; 448
SID20141686; Sem_6; 528
SID20141686; Sem_7; 388
SID20141686; Sem_8; 546
SID20141690; Sem_1; 449
SID20141690; Sem_2; 513
SID20141690; Sem_3; 558
SID20141690; Sem_4; 493
SID20141690; Sem_5; 465
SID20141690; Sem_6; 422
SID20141690; Sem_7; 409
SID20141690; Sem_8; 438
SID20141707; Sem_1; 528
SID20141707; Sem_2; 524
SID20141707; Sem_3; 522
SID20141707; Sem_4; 545
SID20141707; Sem_5; 530
SID20141707; Sem_6; 434
SID20141707; Sem_7; 521
SID20141707; Sem_8; 511
SID20141728; Sem_1; 578
SID20141728; Sem_2; 550
SID20141728; Sem_3; 453
SID20141728; Sem_4; 518
SID20141728; Sem_5; 535
SID20141728; Sem_6; 487
SID20141728; Sem_7; 578
SID20141728; Sem_8; 552
SID20141735; Sem_1; 540
SID20141735; Sem_2; 319
SID20141735; Sem_3; 592
SID20141735; Sem_4; 407
SID20141735; Sem_5; 434
SID20141735; Sem_6; 412
SID20141735; Sem_7; 519
SID20141735; Sem_8; 350
SID20141737; Sem_1; 506
SID20141737; Sem_2; 456
SID20141737; Sem_3; 550
SID20141737; Sem_4; 431
SID20141737; Sem_5; 516
SID20141737; Sem_6; 460
SID20141737; Sem_7; 383
SID20141737; Sem_8; 349
SID20141740; Sem_1; 414
SID20141740; Sem_2; 517
SID20141740; Sem_3; 444
SID20141740; Sem_4; 438
SID20141740; Sem_5; 442
SID20141740; Sem_6; 499
SID20141740; Sem_7; 543
SID20141740; Sem_8; 566
SID20141759; Sem_1; 533
SID20141759; Sem_2; 634
SID20141759; Sem_3; 516
SID20141759; Sem_4; 479
SID20141759; Sem_5; 539
SID20141759; Sem_6; 468
SID20141759; Sem_7; 539
SID20141759; Sem_8; 425
SID20141760; Sem_1; 451
SID20141760; Sem_2; 583
SID20141760; Sem_3; 474
SID20141760; Sem_4; 486
SID20141760; Sem_5; 478
SID20141760; Sem_6; 379
SID20141760; Sem_7; 464
SID20141760; Sem_8; 422
SID20141776; Sem_1; 503
SID20141776; Sem_2; 406
SID20141776; Sem_3; 550
SID20141776; Sem_4; 581
SID20141776; Sem_5; 365
SID20141776; Sem_6; 510
SID20141776; Sem_7; 508
SID20141776; Sem_8; 525
SID20141779; Sem_1; 503
SID20141779; Sem_2; 510
SID20141779; Sem_3; 422
SID20141779; Sem_4; 486
SID20141779; Sem_5; 464
SID20141779; Sem_6; 434
SID20141779; Sem_7; 495
SID20141779; Sem_8; 534
SID20141798; Sem_1; 489
SID20141798; Sem_2; 467
SID20141798; Sem_3; 502
SID20141798; Sem_4; 450
SID20141798; Sem_5; 478
SID20141798; Sem_6; 529
SID20141798; Sem_7; 404
SID20141798; Sem_8; 434
SID20141814; Sem_1; 516
SID20141814; Sem_2; 582
SID20141814; Sem_3; 495
SID20141814; Sem_4; 450
SID20141814; Sem_5; 382
SID20141814; Sem_6; 485
SID20141814; Sem_7; 484
SID20141814; Sem_8; 550
SID20141830; Sem_1; 525
SID20141830; Sem_2; 408
SID20141830; Sem_3; 547
SID20141830; Sem_4; 458
SID20141830; Sem_5; 468
SID20141830; Sem_6; 470
SID20141830; Sem_7; 493
SID20141830; Sem_8; 418
SID20141841; Sem_1; 543
SID20141841; Sem_2; 503
SID20141841; Sem_3; 549
SID20141841; Sem_4; 403
SID20141841; Sem_5; 482
SID20141841; Sem_6; 467
SID20141841; Sem_7; 494
SID20141841; Sem_8; 514
SID20141851; Sem_1; 581
SID20141851; Sem_2; 487
SID20141851; Sem_3; 539
SID20141851; Sem_4; 456
SID20141851; Sem_5; 473
SID20141851; Sem_6; 546
SID20141851; Sem_7; 471
SID20141851; Sem_8; 481
SID20141886; Sem_1; 516
SID20141886; Sem_2; 483
SID20141886; Sem_3; 522
SID20141886; Sem_4; 534
SID20141886; Sem_5; 485
SID20141886; Sem_6; 547
SID20141886; Sem_7; 539
SID20141886; Sem_8; 401
SID20141887; Sem_1; 567
SID20141887; Sem_2; 497
SID20141887; Sem_3; 544
SID20141887; Sem_4; 473
SID20141887; Sem_5; 387
SID20141887; Sem_6; 441
SID20141887; Sem_7; 494
SID20141887; Sem_8; 450
SID20141961; Sem_1; 389
SID20141961; Sem_2; 414
SID20141961; Sem_3; 540
SID20141961; Sem_4; 543
SID20141961; Sem_5; 454
SID20141961; Sem_6; 532
SID20141961; Sem_7; 482
SID20141961; Sem_8; 541
SID20141974; Sem_1; 399
SID20141974; Sem_2; 432
SID20141974; Sem_3; 519
SID20141974; Sem_4; 500
SID20141974; Sem_5; 558
SID20141974; Sem_6; 423
SID20141974; Sem_7; 502
SID20141974; Sem_8; 475
SID20141979; Sem_1; 434
SID20141979; Sem_2; 374
SID20141979; Sem_3; 593
SID20141979; Sem_4; 498
SID20141979; Sem_5; 440
SID20141979; Sem_6; 403
SID20141979; Sem_7; 458
SID20141979; Sem_8; 456
SID20141991; Sem_1; 561
SID20141991; Sem_2; 428
SID20141991; Sem_3; 401
SID20141991; Sem_4; 482
SID20141991; Sem_5; 497
SID20141991; Sem_6; 436
SID20141991; Sem_7; 463
SID20141991; Sem_8; 468
SID20142005; Sem_1; 475
SID20142005; Sem_2; 478
SID20142005; Sem_3; 522
SID20142005; Sem_4; 474
SID20142005; Sem_5; 496
SID20142005; Sem_6; 523
SID20142005; Sem_7; 491
SID20142005; Sem_8; 506
SID20142014; Sem_1; 530
SID20142014; Sem_2; 564
SID20142014; Sem_3; 415
SID20142014; Sem_4; 435
SID20142014; Sem_5; 473
SID20142014; Sem_6; 512
SID20142014; Sem_7; 392
SID20142014; Sem_8; 491
SID20142066; Sem_1; 500
SID20142066; Sem_2; 476
SID20142066; Sem_3; 444
SID20142066; Sem_4; 417
SID20142066; Sem_5; 513
SID20142066; Sem_6; 474
SID20142066; Sem_7; 465
SID20142066; Sem_8; 506
SID20142086; Sem_1; 475
SID20142086; Sem_2; 407
SID20142086; Sem_3; 530
SID20142086; Sem_4; 536
SID20142086; Sem_5; 464
SID20142086; Sem_6; 509
SID20142086; Sem_7; 383
SID20142086; Sem_8; 429
SID20142097; Sem_1; 412
SID20142097; Sem_2; 468
SID20142097; Sem_3; 508
SID20142097; Sem_4; 389
SID20142097; Sem_5; 407
SID20142097; Sem_6; 404
SID20142097; Sem_7; 502
SID20142097; Sem_8; 540
SID20142107; Sem_1; 482
SID20142107; Sem_2; 449
SID20142107; Sem_3; 331
SID20142107; Sem_4; 491
SID20142107; Sem_5; 538
SID20142107; Sem_6; 427
SID20142107; Sem_7; 409
SID20142107; Sem_8; 408
SID20142116; Sem_1; 486
SID20142116; Sem_2; 549
SID20142116; Sem_3; 475
SID20142116; Sem_4; 405
SID20142116; Sem_5; 536
SID20142116; Sem_6; 569
SID20142116; Sem_7; 433
SID20142116; Sem_8; 352
SID20142159; Sem_1; 478
SID20142159; Sem_2; 511
SID20142159; Sem_3; 552
SID20142159; Sem_4; 567
SID20142159; Sem_5; 440
SID20142159; Sem_6; 541
SID20142159; Sem_7; 467
SID20142159; Sem_8; 542
SID20142194; Sem_1; 474
SID20142194; Sem_2; 388
SID20142194; Sem_3; 529
SID20142194; Sem_4; 497
SID20142194; Sem_5; 446
SID20142194; Sem_6; 453
SID20142194; Sem_7; 490
SID20142194; Sem_8; 493
SID20142201; Sem_1; 388
SID20142201; Sem_2; 499
SID20142201; Sem_3; 493
SID20142201; Sem_4; 460
SID20142201; Sem_5; 557
SID20142201; Sem_6; 442
SID20142201; Sem_7; 424
SID20142201; Sem_8; 455
SID20142205; Sem_1; 553
SID20142205; Sem_2; 374
SID20142205; Sem_3; 478
SID20142205; Sem_4; 460
SID20142205; Sem_5; 428
SID20142205; Sem_6; 505
SID20142205; Sem_7; 428
SID20142205; Sem_8; 479
SID20142218; Sem_1; 497
SID20142218; Sem_2; 450
SID20142218; Sem_3; 418
SID20142218; Sem_4; 482
SID20142218; Sem_5; 435
SID20142218; Sem_6; 363
SID20142218; Sem_7; 463
SID20142218; Sem_8; 432
SID20142263; Sem_1; 377
SID20142263; Sem_2; 519
SID20142263; Sem_3; 472
SID20142263; Sem_4; 461
SID20142263; Sem_5; 420
SID20142263; Sem_6; 505
SID20142263; Sem_7; 507
SID20142263; Sem_8; 462
SID20142286; Sem_1; 459
SID20142286; Sem_2; 407
SID20142286; Sem_3; 526
SID20142286; Sem_4; 374
SID20142286; Sem_5; 605
SID20142286; Sem_6; 392
SID20142286; Sem_7; 495
SID20142286; Sem_8; 467
SID20142297; Sem_1; 451
SID20142297; Sem_2; 519
SID20142297; Sem_3; 519
SID20142297; Sem_4; 454
SID20142297; Sem_5; 510
SID20142297; Sem_6; 523
SID20142297; Sem_7; 499
SID20142297; Sem_8; 477
SID20142299; Sem_1; 448
SID20142299; Sem_2; 441
SID20142299; Sem_3; 514
SID20142299; Sem_4; 534
SID20142299; Sem_5; 465
SID20142299; Sem_6; 369
SID20142299; Sem_7; 525
SID20142299; Sem_8; 429
SID20142323; Sem_1; 520
SID20142323; Sem_2; 462
SID20142323; Sem_3; 520
SID20142323; Sem_4; 469
SID20142323; Sem_5; 493
SID20142323; Sem_6; 513
SID20142323; Sem_7; 495
SID20142323; Sem_8; 561
SID20142332; Sem_1; 481
SID20142332; Sem_2; 446
SID20142332; Sem_3; 396
SID20142332; Sem_4; 524
SID20142332; Sem_5; 460
SID20142332; Sem_6; 362
SID20142332; Sem_7; 432
SID20142332; Sem_8; 515
SID20142348; Sem_1; 580
SID20142348; Sem_2; 467
SID20142348; Sem_3; 493
SID20142348; Sem_4; 409
SID20142348; Sem_5; 485
SID20142348; Sem_6; 495
SID20142348; Sem_7; 472
SID20142348; Sem_8; 502
SID20142349; Sem_1; 383
SID20142349; Sem_2; 448
SID20142349; Sem_3; 491
SID20142349; Sem_4; 509
SID20142349; Sem_5; 526
SID20142349; Sem_6; 482
SID20142349; Sem_7; 536
SID20142349; Sem_8; 505
SID20142356; Sem_1; 535
SID20142356; Sem_2; 370
SID20142356; Sem_3; 434
SID20142356; Sem_4; 458
SID20142356; Sem_5; 480
SID20142356; Sem_6; 532
SID20142356; Sem_7; 549
SID20142356; Sem_8; 481
SID20142395; Sem_1; 534
SID20142395; Sem_2; 510
SID20142395; Sem_3; 449
SID20142395; Sem_4; 453
SID20142395; Sem_5; 568
SID20142395; Sem_6; 498
SID20142395; Sem_7; 466
SID20142395; Sem_8; 511
SID20142404; Sem_1; 480
SID20142404; Sem_2; 455
SID20142404; Sem_3; 455
SID20142404; Sem_4; 436
SID20142404; Sem_5; 485
SID20142404; Sem_6; 386
SID20142404; Sem_7; 478
SID20142404; Sem_8; 565
SID20142416; Sem_1; 505
SID20142416; Sem_2; 415
SID20142416; Sem_3; 439
SID20142416; Sem_4; 454
SID20142416; Sem_5; 510
SID20142416; Sem_6; 497
SID20142416; Sem_7; 480
SID20142416; Sem_8; 445
SID20142432; Sem_1; 469
SID20142432; Sem_2; 371
SID20142432; Sem_3; 548
SID20142432; Sem_4; 540
SID20142432; Sem_5; 521
SID20142432; Sem_6; 486
SID20142432; Sem_7; 519
SID20142432; Sem_8; 502
SID20142437; Sem_1; 605
SID20142437; Sem_2; 523
SID20142437; Sem_3; 435
SID20142437; Sem_4; 421
SID20142437; Sem_5; 432
SID20142437; Sem_6; 436
SID20142437; Sem_7; 512
SID20142437; Sem_8; 466
SID20142442; Sem_1; 509
SID20142442; Sem_2; 523
SID20142442; Sem_3; 445
SID20142442; Sem_4; 529
SID20142442; Sem_5; 491
SID20142442; Sem_6; 548
SID20142442; Sem_7; 481
SID20142442; Sem_8; 502
SID20142447; Sem_1; 440
SID20142447; Sem_2; 555
SID20142447; Sem_3; 421
SID20142447; Sem_4; 485
SID20142447; Sem_5; 484
SID20142447; Sem_6; 469
SID20142447; Sem_7; 485
SID20142447; Sem_8; 507
SID20142451; Sem_1; 535
SID20142451; Sem_2; 414
SID20142451; Sem_3; 587
SID20142451; Sem_4; 487
SID20142451; Sem_5; 502
SID20142451; Sem_6; 447
SID20142451; Sem_7; 493
SID20142451; Sem_8; 488
SID20142455; Sem_1; 531
SID20142455; Sem_2; 463
SID20142455; Sem_3; 415
SID20142455; Sem_4; 615
SID20142455; Sem_5; 509
SID20142455; Sem_6; 505
SID20142455; Sem_7; 523
SID20142455; Sem_8; 422
SID20142472; Sem_1; 463
SID20142472; Sem_2; 515
SID20142472; Sem_3; 424
SID20142472; Sem_4; 471
SID20142472; Sem_5; 502
SID20142472; Sem_6; 517
SID20142472; Sem_7; 410
SID20142472; Sem_8; 522
SID20142478; Sem_1; 448
SID20142478; Sem_2; 462
SID20142478; Sem_3; 471
SID20142478; Sem_4; 457
SID20142478; Sem_5; 467
SID20142478; Sem_6; 481
SID20142478; Sem_7; 431
SID20142478; Sem_8; 441
SID20142482; Sem_1; 451
SID20142482; Sem_2; 504
SID20142482; Sem_3; 429
SID20142482; Sem_4; 452
SID20142482; Sem_5; 401
SID20142482; Sem_6; 391
SID20142482; Sem_7; 470
SID20142482; Sem_8; 527
SID20142487; Sem_1; 473
SID20142487; Sem_2; 486
SID20142487; Sem_3; 514
SID20142487; Sem_4; 464
SID20142487; Sem_5; 512
SID20142487; Sem_6; 498
SID20142487; Sem_7; 418
SID20142487; Sem_8; 435
SID20142488; Sem_1; 522
SID20142488; Sem_2; 526
SID20142488; Sem_3; 592
SID20142488; Sem_4; 518
SID20142488; Sem_5; 427
SID20142488; Sem_6; 537
SID20142488; Sem_7; 526
SID20142488; Sem_8; 507
SID20142503; Sem_1; 451
SID20142503; Sem_2; 528
SID20142503; Sem_3; 478
SID20142503; Sem_4; 433
SID20142503; Sem_5; 421
SID20142503; Sem_6; 480
SID20142503; Sem_7; 437
SID20142503; Sem_8; 522
SID20142532; Sem_1; 447
SID20142532; Sem_2; 542
SID20142532; Sem_3; 401
SID20142532; Sem_4; 373
SID20142532; Sem_5; 458
SID20142532; Sem_6; 465
SID20142532; Sem_7; 548
SID20142532; Sem_8; 467
SID20142540; Sem_1; 469
SID20142540; Sem_2; 511
SID20142540; Sem_3; 514
SID20142540; Sem_4; 491
SID20142540; Sem_5; 531
SID20142540; Sem_6; 471
SID20142540; Sem_7; 476
SID20142540; Sem_8; 515
SID20142550; Sem_1; 513
SID20142550; Sem_2; 343
SID20142550; Sem_3; 406
SID20142550; Sem_4; 518
SID20142550; Sem_5; 460
SID20142550; Sem_6; 560
SID20142550; Sem_7; 408
SID20142550; Sem_8; 471
SID20142568; Sem_1; 496
SID20142568; Sem_2; 472
SID20142568; Sem_3; 461
SID20142568; Sem_4; 480
SID20142568; Sem_5; 407
SID20142568; Sem_6; 475
SID20142568; Sem_7; 428
SID20142568; Sem_8; 458